Date,Code,Description,Unit Sales,Sales Value
15.05.2023,KO5740137,"Kodak 6 x 4"" Everyday Photo Paper Matte 120gsm 100PK",31,$679.00 
15.05.2023,KO5740137,"Kodak 6 x 4"" Everyday Photo Paper Matte 120gsm 100PK",31,$679.00 
15.05.2023,KO5740137,"Kodak 6 x 4"" Everyday Photo Paper Matte 120gsm 100PK",29,$679.00 
15.05.2023,KO5740137,"Kodak 6 x 4"" Everyday Photo Paper Matte 120gsm 100PK",27,$679.00 
15.05.2023,KO5740137,"Kodak 6 x 4"" Everyday Photo Paper Matte 120gsm 100PK",20,$679.00 
15.05.2023,KO5740137,"Kodak 6 x 4"" Everyday Photo Paper Matte 120gsm 100PK",20,$679.00 
15.05.2023,KO5740137,"Kodak 6 x 4"" Everyday Photo Paper Matte 120gsm 100PK",28,$679.00 
22.05.2023,KO5740137,"Kodak 6 x 4"" Everyday Photo Paper Matte 120gsm 100PK",31,$680.00 
22.05.2023,KO5740137,"Kodak 6 x 4"" Everyday Photo Paper Matte 120gsm 100PK",31,$680.00 
22.05.2023,KO5740137,"Kodak 6 x 4"" Everyday Photo Paper Matte 120gsm 100PK",29,$680.00 
22.05.2023,KO5740137,"Kodak 6 x 4"" Everyday Photo Paper Matte 120gsm 100PK",27,$680.00 
22.05.2023,KO5740137,"Kodak 6 x 4"" Everyday Photo Paper Matte 120gsm 100PK",20,$680.00 
22.05.2023,KO5740137,"Kodak 6 x 4"" Everyday Photo Paper Matte 120gsm 100PK",20,$680.00 
22.05.2023,KO5740137,"Kodak 6 x 4"" Everyday Photo Paper Matte 120gsm 100PK",28,$680.00 
29.05.2023,KO5740137,"Kodak 6 x 4"" Everyday Photo Paper Matte 120gsm 100PK",31,$637.00 
29.05.2023,KO5740137,"Kodak 6 x 4"" Everyday Photo Paper Matte 120gsm 100PK",31,$637.00 
29.05.2023,KO5740137,"Kodak 6 x 4"" Everyday Photo Paper Matte 120gsm 100PK",29,$637.00 
29.05.2023,KO5740137,"Kodak 6 x 4"" Everyday Photo Paper Matte 120gsm 100PK",27,$637.00 
29.05.2023,KO5740137,"Kodak 6 x 4"" Everyday Photo Paper Matte 120gsm 100PK",20,$637.00 
29.05.2023,KO5740137,"Kodak 6 x 4"" Everyday Photo Paper Matte 120gsm 100PK",20,$637.00 
29.05.2023,KO5740137,"Kodak 6 x 4"" Everyday Photo Paper Matte 120gsm 100PK",28,$637.00 
05.06.2023,KO5740137,"Kodak 6 x 4"" Everyday Photo Paper Matte 120gsm 100PK",31,$593.00 
05.06.2023,KO5740137,"Kodak 6 x 4"" Everyday Photo Paper Matte 120gsm 100PK",31,$593.00 
05.06.2023,KO5740137,"Kodak 6 x 4"" Everyday Photo Paper Matte 120gsm 100PK",29,$593.00 
05.06.2023,KO5740137,"Kodak 6 x 4"" Everyday Photo Paper Matte 120gsm 100PK",27,$593.00 
05.06.2023,KO5740137,"Kodak 6 x 4"" Everyday Photo Paper Matte 120gsm 100PK",20,$593.00 
05.06.2023,KO5740137,"Kodak 6 x 4"" Everyday Photo Paper Matte 120gsm 100PK",20,$593.00 
05.06.2023,KO5740137,"Kodak 6 x 4"" Everyday Photo Paper Matte 120gsm 100PK",28,$593.00 
12.06.2023,KO5740137,"Kodak 6 x 4"" Everyday Photo Paper Matte 120gsm 100PK",31,$439.00 
12.06.2023,KO5740137,"Kodak 6 x 4"" Everyday Photo Paper Matte 120gsm 100PK",31,$439.00 
12.06.2023,KO5740137,"Kodak 6 x 4"" Everyday Photo Paper Matte 120gsm 100PK",29,$439.00 
12.06.2023,KO5740137,"Kodak 6 x 4"" Everyday Photo Paper Matte 120gsm 100PK",27,$439.00 
12.06.2023,KO5740137,"Kodak 6 x 4"" Everyday Photo Paper Matte 120gsm 100PK",20,$439.00 
12.06.2023,KO5740137,"Kodak 6 x 4"" Everyday Photo Paper Matte 120gsm 100PK",20,$439.00 
12.06.2023,KO5740137,"Kodak 6 x 4"" Everyday Photo Paper Matte 120gsm 100PK",28,$439.00 
19.06.2023,KO5740137,"Kodak 6 x 4"" Everyday Photo Paper Matte 120gsm 100PK",31,$439.00 
19.06.2023,KO5740137,"Kodak 6 x 4"" Everyday Photo Paper Matte 120gsm 100PK",31,$439.00 
19.06.2023,KO5740137,"Kodak 6 x 4"" Everyday Photo Paper Matte 120gsm 100PK",29,$439.00 
19.06.2023,KO5740137,"Kodak 6 x 4"" Everyday Photo Paper Matte 120gsm 100PK",27,$439.00 
19.06.2023,KO5740137,"Kodak 6 x 4"" Everyday Photo Paper Matte 120gsm 100PK",20,$439.00 
19.06.2023,KO5740137,"Kodak 6 x 4"" Everyday Photo Paper Matte 120gsm 100PK",20,$439.00 
19.06.2023,KO5740137,"Kodak 6 x 4"" Everyday Photo Paper Matte 120gsm 100PK",28,$439.00 
26.06.2023,KO5740137,"Kodak 6 x 4"" Everyday Photo Paper Matte 120gsm 100PK",31,$610.00 
26.06.2023,KO5740137,"Kodak 6 x 4"" Everyday Photo Paper Matte 120gsm 100PK",31,$610.00 
26.06.2023,KO5740137,"Kodak 6 x 4"" Everyday Photo Paper Matte 120gsm 100PK",29,$610.00 
26.06.2023,KO5740137,"Kodak 6 x 4"" Everyday Photo Paper Matte 120gsm 100PK",27,$610.00 
26.06.2023,KO5740137,"Kodak 6 x 4"" Everyday Photo Paper Matte 120gsm 100PK",20,$610.00 
26.06.2023,KO5740137,"Kodak 6 x 4"" Everyday Photo Paper Matte 120gsm 100PK",20,$610.00 
26.06.2023,KO5740137,"Kodak 6 x 4"" Everyday Photo Paper Matte 120gsm 100PK",28,$610.00 
15.05.2023,KO5740513,Kodak A4 Photo Paper High Gloss 180gsm 50 Pack,35,"$1,113.00 "
15.05.2023,KO5740513,Kodak A4 Photo Paper High Gloss 180gsm 50 Pack,35,"$1,113.00 "
15.05.2023,KO5740513,Kodak A4 Photo Paper High Gloss 180gsm 50 Pack,46,"$1,113.00 "
15.05.2023,KO5740513,Kodak A4 Photo Paper High Gloss 180gsm 50 Pack,20,"$1,113.00 "
15.05.2023,KO5740513,Kodak A4 Photo Paper High Gloss 180gsm 50 Pack,29,"$1,113.00 "
15.05.2023,KO5740513,Kodak A4 Photo Paper High Gloss 180gsm 50 Pack,39,"$1,113.00 "
15.05.2023,KO5740513,Kodak A4 Photo Paper High Gloss 180gsm 50 Pack,40,"$1,113.00 "
22.05.2023,KO5740513,Kodak A4 Photo Paper High Gloss 180gsm 50 Pack,35,"$1,113.00 "
22.05.2023,KO5740513,Kodak A4 Photo Paper High Gloss 180gsm 50 Pack,35,"$1,113.00 "
22.05.2023,KO5740513,Kodak A4 Photo Paper High Gloss 180gsm 50 Pack,46,"$1,113.00 "
22.05.2023,KO5740513,Kodak A4 Photo Paper High Gloss 180gsm 50 Pack,20,"$1,113.00 "
22.05.2023,KO5740513,Kodak A4 Photo Paper High Gloss 180gsm 50 Pack,29,"$1,113.00 "
22.05.2023,KO5740513,Kodak A4 Photo Paper High Gloss 180gsm 50 Pack,39,"$1,113.00 "
22.05.2023,KO5740513,Kodak A4 Photo Paper High Gloss 180gsm 50 Pack,40,"$1,113.00 "
29.05.2023,KO5740513,Kodak A4 Photo Paper High Gloss 180gsm 50 Pack,35,"$1,451.00 "
29.05.2023,KO5740513,Kodak A4 Photo Paper High Gloss 180gsm 50 Pack,35,"$1,451.00 "
29.05.2023,KO5740513,Kodak A4 Photo Paper High Gloss 180gsm 50 Pack,46,"$1,451.00 "
29.05.2023,KO5740513,Kodak A4 Photo Paper High Gloss 180gsm 50 Pack,20,"$1,451.00 "
29.05.2023,KO5740513,Kodak A4 Photo Paper High Gloss 180gsm 50 Pack,29,"$1,451.00 "
29.05.2023,KO5740513,Kodak A4 Photo Paper High Gloss 180gsm 50 Pack,39,"$1,451.00 "
29.05.2023,KO5740513,Kodak A4 Photo Paper High Gloss 180gsm 50 Pack,40,"$1,451.00 "
05.06.2023,KO5740513,Kodak A4 Photo Paper High Gloss 180gsm 50 Pack,35,$636.00 
05.06.2023,KO5740513,Kodak A4 Photo Paper High Gloss 180gsm 50 Pack,35,$636.00 
05.06.2023,KO5740513,Kodak A4 Photo Paper High Gloss 180gsm 50 Pack,46,$636.00 
05.06.2023,KO5740513,Kodak A4 Photo Paper High Gloss 180gsm 50 Pack,20,$636.00 
05.06.2023,KO5740513,Kodak A4 Photo Paper High Gloss 180gsm 50 Pack,29,$636.00 
05.06.2023,KO5740513,Kodak A4 Photo Paper High Gloss 180gsm 50 Pack,39,$636.00 
05.06.2023,KO5740513,Kodak A4 Photo Paper High Gloss 180gsm 50 Pack,40,$636.00 
12.06.2023,KO5740513,Kodak A4 Photo Paper High Gloss 180gsm 50 Pack,35,$922.00 
12.06.2023,KO5740513,Kodak A4 Photo Paper High Gloss 180gsm 50 Pack,35,$922.00 
12.06.2023,KO5740513,Kodak A4 Photo Paper High Gloss 180gsm 50 Pack,46,$922.00 
12.06.2023,KO5740513,Kodak A4 Photo Paper High Gloss 180gsm 50 Pack,20,$922.00 
12.06.2023,KO5740513,Kodak A4 Photo Paper High Gloss 180gsm 50 Pack,29,$922.00 
12.06.2023,KO5740513,Kodak A4 Photo Paper High Gloss 180gsm 50 Pack,39,$922.00 
12.06.2023,KO5740513,Kodak A4 Photo Paper High Gloss 180gsm 50 Pack,40,$922.00 
19.06.2023,KO5740513,Kodak A4 Photo Paper High Gloss 180gsm 50 Pack,35,"$1,227.00 "
19.06.2023,KO5740513,Kodak A4 Photo Paper High Gloss 180gsm 50 Pack,35,"$1,227.00 "
19.06.2023,KO5740513,Kodak A4 Photo Paper High Gloss 180gsm 50 Pack,46,"$1,227.00 "
19.06.2023,KO5740513,Kodak A4 Photo Paper High Gloss 180gsm 50 Pack,20,"$1,227.00 "
19.06.2023,KO5740513,Kodak A4 Photo Paper High Gloss 180gsm 50 Pack,29,"$1,227.00 "
19.06.2023,KO5740513,Kodak A4 Photo Paper High Gloss 180gsm 50 Pack,39,"$1,227.00 "
19.06.2023,KO5740513,Kodak A4 Photo Paper High Gloss 180gsm 50 Pack,40,"$1,227.00 "
26.06.2023,KO5740513,Kodak A4 Photo Paper High Gloss 180gsm 50 Pack,35,"$1,272.00 "
26.06.2023,KO5740513,Kodak A4 Photo Paper High Gloss 180gsm 50 Pack,35,"$1,272.00 "
26.06.2023,KO5740513,Kodak A4 Photo Paper High Gloss 180gsm 50 Pack,46,"$1,272.00 "
26.06.2023,KO5740513,Kodak A4 Photo Paper High Gloss 180gsm 50 Pack,20,"$1,272.00 "
26.06.2023,KO5740513,Kodak A4 Photo Paper High Gloss 180gsm 50 Pack,29,"$1,272.00 "
26.06.2023,KO5740513,Kodak A4 Photo Paper High Gloss 180gsm 50 Pack,39,"$1,272.00 "
26.06.2023,KO5740513,Kodak A4 Photo Paper High Gloss 180gsm 50 Pack,40,"$1,272.00 "
15.05.2023,KO5740525,"Kodak 6 x 4"" Photo Paper High Gloss 180gsm 60 Pack",81,"$1,025.00 "
15.05.2023,KO5740525,"Kodak 6 x 4"" Photo Paper High Gloss 180gsm 60 Pack",63,"$1,025.00 "
15.05.2023,KO5740525,"Kodak 6 x 4"" Photo Paper High Gloss 180gsm 60 Pack",46,"$1,025.00 "
15.05.2023,KO5740525,"Kodak 6 x 4"" Photo Paper High Gloss 180gsm 60 Pack",63,"$1,025.00 "
15.05.2023,KO5740525,"Kodak 6 x 4"" Photo Paper High Gloss 180gsm 60 Pack",44,"$1,025.00 "
15.05.2023,KO5740525,"Kodak 6 x 4"" Photo Paper High Gloss 180gsm 60 Pack",61,"$1,025.00 "
15.05.2023,KO5740525,"Kodak 6 x 4"" Photo Paper High Gloss 180gsm 60 Pack",84,"$1,025.00 "
22.05.2023,KO5740525,"Kodak 6 x 4"" Photo Paper High Gloss 180gsm 60 Pack",81,$818.00 
22.05.2023,KO5740525,"Kodak 6 x 4"" Photo Paper High Gloss 180gsm 60 Pack",63,$818.00 
22.05.2023,KO5740525,"Kodak 6 x 4"" Photo Paper High Gloss 180gsm 60 Pack",46,$818.00 
22.05.2023,KO5740525,"Kodak 6 x 4"" Photo Paper High Gloss 180gsm 60 Pack",63,$818.00 
22.05.2023,KO5740525,"Kodak 6 x 4"" Photo Paper High Gloss 180gsm 60 Pack",44,$818.00 
22.05.2023,KO5740525,"Kodak 6 x 4"" Photo Paper High Gloss 180gsm 60 Pack",61,$818.00 
22.05.2023,KO5740525,"Kodak 6 x 4"" Photo Paper High Gloss 180gsm 60 Pack",84,$818.00 
29.05.2023,KO5740525,"Kodak 6 x 4"" Photo Paper High Gloss 180gsm 60 Pack",81,$597.00 
29.05.2023,KO5740525,"Kodak 6 x 4"" Photo Paper High Gloss 180gsm 60 Pack",63,$597.00 
29.05.2023,KO5740525,"Kodak 6 x 4"" Photo Paper High Gloss 180gsm 60 Pack",46,$597.00 
29.05.2023,KO5740525,"Kodak 6 x 4"" Photo Paper High Gloss 180gsm 60 Pack",63,$597.00 
29.05.2023,KO5740525,"Kodak 6 x 4"" Photo Paper High Gloss 180gsm 60 Pack",44,$597.00 
29.05.2023,KO5740525,"Kodak 6 x 4"" Photo Paper High Gloss 180gsm 60 Pack",61,$597.00 
29.05.2023,KO5740525,"Kodak 6 x 4"" Photo Paper High Gloss 180gsm 60 Pack",84,$597.00 
05.06.2023,KO5740525,"Kodak 6 x 4"" Photo Paper High Gloss 180gsm 60 Pack",81,$818.00 
05.06.2023,KO5740525,"Kodak 6 x 4"" Photo Paper High Gloss 180gsm 60 Pack",63,$818.00 
05.06.2023,KO5740525,"Kodak 6 x 4"" Photo Paper High Gloss 180gsm 60 Pack",46,$818.00 
05.06.2023,KO5740525,"Kodak 6 x 4"" Photo Paper High Gloss 180gsm 60 Pack",63,$818.00 
05.06.2023,KO5740525,"Kodak 6 x 4"" Photo Paper High Gloss 180gsm 60 Pack",44,$818.00 
05.06.2023,KO5740525,"Kodak 6 x 4"" Photo Paper High Gloss 180gsm 60 Pack",61,$818.00 
05.06.2023,KO5740525,"Kodak 6 x 4"" Photo Paper High Gloss 180gsm 60 Pack",84,$818.00 
12.06.2023,KO5740525,"Kodak 6 x 4"" Photo Paper High Gloss 180gsm 60 Pack",81,$569.00 
12.06.2023,KO5740525,"Kodak 6 x 4"" Photo Paper High Gloss 180gsm 60 Pack",63,$569.00 
12.06.2023,KO5740525,"Kodak 6 x 4"" Photo Paper High Gloss 180gsm 60 Pack",46,$569.00 
12.06.2023,KO5740525,"Kodak 6 x 4"" Photo Paper High Gloss 180gsm 60 Pack",63,$569.00 
12.06.2023,KO5740525,"Kodak 6 x 4"" Photo Paper High Gloss 180gsm 60 Pack",44,$569.00 
12.06.2023,KO5740525,"Kodak 6 x 4"" Photo Paper High Gloss 180gsm 60 Pack",61,$569.00 
12.06.2023,KO5740525,"Kodak 6 x 4"" Photo Paper High Gloss 180gsm 60 Pack",84,$569.00 
19.06.2023,KO5740525,"Kodak 6 x 4"" Photo Paper High Gloss 180gsm 60 Pack",81,$792.00 
19.06.2023,KO5740525,"Kodak 6 x 4"" Photo Paper High Gloss 180gsm 60 Pack",63,$792.00 
19.06.2023,KO5740525,"Kodak 6 x 4"" Photo Paper High Gloss 180gsm 60 Pack",46,$792.00 
19.06.2023,KO5740525,"Kodak 6 x 4"" Photo Paper High Gloss 180gsm 60 Pack",63,$792.00 
19.06.2023,KO5740525,"Kodak 6 x 4"" Photo Paper High Gloss 180gsm 60 Pack",44,$792.00 
19.06.2023,KO5740525,"Kodak 6 x 4"" Photo Paper High Gloss 180gsm 60 Pack",61,$792.00 
19.06.2023,KO5740525,"Kodak 6 x 4"" Photo Paper High Gloss 180gsm 60 Pack",84,$792.00 
26.06.2023,KO5740525,"Kodak 6 x 4"" Photo Paper High Gloss 180gsm 60 Pack",81,"$1,062.00 "
26.06.2023,KO5740525,"Kodak 6 x 4"" Photo Paper High Gloss 180gsm 60 Pack",63,"$1,062.00 "
26.06.2023,KO5740525,"Kodak 6 x 4"" Photo Paper High Gloss 180gsm 60 Pack",46,"$1,062.00 "
26.06.2023,KO5740525,"Kodak 6 x 4"" Photo Paper High Gloss 180gsm 60 Pack",63,"$1,062.00 "
26.06.2023,KO5740525,"Kodak 6 x 4"" Photo Paper High Gloss 180gsm 60 Pack",44,"$1,062.00 "
26.06.2023,KO5740525,"Kodak 6 x 4"" Photo Paper High Gloss 180gsm 60 Pack",61,"$1,062.00 "
26.06.2023,KO5740525,"Kodak 6 x 4"" Photo Paper High Gloss 180gsm 60 Pack",84,"$1,062.00 "
15.05.2023,KO6657027,Kodak Ultra Premium Photo Paper 50 Pack,56,"$1,887.00 "
15.05.2023,KO6657027,Kodak Ultra Premium Photo Paper 50 Pack,60,"$1,887.00 "
15.05.2023,KO6657027,Kodak Ultra Premium Photo Paper 50 Pack,77,"$1,887.00 "
15.05.2023,KO6657027,Kodak Ultra Premium Photo Paper 50 Pack,64,"$1,887.00 "
15.05.2023,KO6657027,Kodak Ultra Premium Photo Paper 50 Pack,77,"$1,887.00 "
15.05.2023,KO6657027,Kodak Ultra Premium Photo Paper 50 Pack,65,"$1,887.00 "
15.05.2023,KO6657027,Kodak Ultra Premium Photo Paper 50 Pack,63,"$1,887.00 "
22.05.2023,KO6657027,Kodak Ultra Premium Photo Paper 50 Pack,56,"$2,020.00 "
22.05.2023,KO6657027,Kodak Ultra Premium Photo Paper 50 Pack,60,"$2,020.00 "
22.05.2023,KO6657027,Kodak Ultra Premium Photo Paper 50 Pack,77,"$2,020.00 "
22.05.2023,KO6657027,Kodak Ultra Premium Photo Paper 50 Pack,64,"$2,020.00 "
22.05.2023,KO6657027,Kodak Ultra Premium Photo Paper 50 Pack,77,"$2,020.00 "
22.05.2023,KO6657027,Kodak Ultra Premium Photo Paper 50 Pack,65,"$2,020.00 "
22.05.2023,KO6657027,Kodak Ultra Premium Photo Paper 50 Pack,63,"$2,020.00 "
29.05.2023,KO6657027,Kodak Ultra Premium Photo Paper 50 Pack,56,"$2,595.00 "
29.05.2023,KO6657027,Kodak Ultra Premium Photo Paper 50 Pack,60,"$2,595.00 "
29.05.2023,KO6657027,Kodak Ultra Premium Photo Paper 50 Pack,77,"$2,595.00 "
29.05.2023,KO6657027,Kodak Ultra Premium Photo Paper 50 Pack,64,"$2,595.00 "
29.05.2023,KO6657027,Kodak Ultra Premium Photo Paper 50 Pack,77,"$2,595.00 "
29.05.2023,KO6657027,Kodak Ultra Premium Photo Paper 50 Pack,65,"$2,595.00 "
29.05.2023,KO6657027,Kodak Ultra Premium Photo Paper 50 Pack,63,"$2,595.00 "
05.06.2023,KO6657027,Kodak Ultra Premium Photo Paper 50 Pack,56,"$2,133.00 "
05.06.2023,KO6657027,Kodak Ultra Premium Photo Paper 50 Pack,60,"$2,133.00 "
05.06.2023,KO6657027,Kodak Ultra Premium Photo Paper 50 Pack,77,"$2,133.00 "
05.06.2023,KO6657027,Kodak Ultra Premium Photo Paper 50 Pack,64,"$2,133.00 "
05.06.2023,KO6657027,Kodak Ultra Premium Photo Paper 50 Pack,77,"$2,133.00 "
05.06.2023,KO6657027,Kodak Ultra Premium Photo Paper 50 Pack,65,"$2,133.00 "
05.06.2023,KO6657027,Kodak Ultra Premium Photo Paper 50 Pack,63,"$2,133.00 "
12.06.2023,KO6657027,Kodak Ultra Premium Photo Paper 50 Pack,56,"$2,595.00 "
12.06.2023,KO6657027,Kodak Ultra Premium Photo Paper 50 Pack,60,"$2,595.00 "
12.06.2023,KO6657027,Kodak Ultra Premium Photo Paper 50 Pack,77,"$2,595.00 "
12.06.2023,KO6657027,Kodak Ultra Premium Photo Paper 50 Pack,64,"$2,595.00 "
12.06.2023,KO6657027,Kodak Ultra Premium Photo Paper 50 Pack,77,"$2,595.00 "
12.06.2023,KO6657027,Kodak Ultra Premium Photo Paper 50 Pack,65,"$2,595.00 "
12.06.2023,KO6657027,Kodak Ultra Premium Photo Paper 50 Pack,63,"$2,595.00 "
19.06.2023,KO6657027,Kodak Ultra Premium Photo Paper 50 Pack,56,"$2,192.00 "
19.06.2023,KO6657027,Kodak Ultra Premium Photo Paper 50 Pack,60,"$2,192.00 "
19.06.2023,KO6657027,Kodak Ultra Premium Photo Paper 50 Pack,77,"$2,192.00 "
19.06.2023,KO6657027,Kodak Ultra Premium Photo Paper 50 Pack,64,"$2,192.00 "
19.06.2023,KO6657027,Kodak Ultra Premium Photo Paper 50 Pack,77,"$2,192.00 "
19.06.2023,KO6657027,Kodak Ultra Premium Photo Paper 50 Pack,65,"$2,192.00 "
19.06.2023,KO6657027,Kodak Ultra Premium Photo Paper 50 Pack,63,"$2,192.00 "
26.06.2023,KO6657027,Kodak Ultra Premium Photo Paper 50 Pack,56,"$2,109.00 "
26.06.2023,KO6657027,Kodak Ultra Premium Photo Paper 50 Pack,60,"$2,109.00 "
26.06.2023,KO6657027,Kodak Ultra Premium Photo Paper 50 Pack,77,"$2,109.00 "
26.06.2023,KO6657027,Kodak Ultra Premium Photo Paper 50 Pack,64,"$2,109.00 "
26.06.2023,KO6657027,Kodak Ultra Premium Photo Paper 50 Pack,77,"$2,109.00 "
26.06.2023,KO6657027,Kodak Ultra Premium Photo Paper 50 Pack,65,"$2,109.00 "
26.06.2023,KO6657027,Kodak Ultra Premium Photo Paper 50 Pack,63,"$2,109.00 "
15.05.2023,KO6657068,Kodak Premium Photo Paper 50 Sheet,93,"$2,055.00 "
15.05.2023,KO6657068,Kodak Premium Photo Paper 50 Sheet,97,"$2,055.00 "
15.05.2023,KO6657068,Kodak Premium Photo Paper 50 Sheet,89,"$2,055.00 "
15.05.2023,KO6657068,Kodak Premium Photo Paper 50 Sheet,83,"$2,055.00 "
15.05.2023,KO6657068,Kodak Premium Photo Paper 50 Sheet,85,"$2,055.00 "
15.05.2023,KO6657068,Kodak Premium Photo Paper 50 Sheet,99,"$2,055.00 "
15.05.2023,KO6657068,Kodak Premium Photo Paper 50 Sheet,102,"$2,055.00 "
22.05.2023,KO6657068,Kodak Premium Photo Paper 50 Sheet,93,"$2,112.00 "
22.05.2023,KO6657068,Kodak Premium Photo Paper 50 Sheet,97,"$2,112.00 "
22.05.2023,KO6657068,Kodak Premium Photo Paper 50 Sheet,89,"$2,112.00 "
22.05.2023,KO6657068,Kodak Premium Photo Paper 50 Sheet,83,"$2,112.00 "
22.05.2023,KO6657068,Kodak Premium Photo Paper 50 Sheet,85,"$2,112.00 "
22.05.2023,KO6657068,Kodak Premium Photo Paper 50 Sheet,99,"$2,112.00 "
22.05.2023,KO6657068,Kodak Premium Photo Paper 50 Sheet,102,"$2,112.00 "
29.05.2023,KO6657068,Kodak Premium Photo Paper 50 Sheet,93,"$1,967.00 "
29.05.2023,KO6657068,Kodak Premium Photo Paper 50 Sheet,97,"$1,967.00 "
29.05.2023,KO6657068,Kodak Premium Photo Paper 50 Sheet,89,"$1,967.00 "
29.05.2023,KO6657068,Kodak Premium Photo Paper 50 Sheet,83,"$1,967.00 "
29.05.2023,KO6657068,Kodak Premium Photo Paper 50 Sheet,85,"$1,967.00 "
29.05.2023,KO6657068,Kodak Premium Photo Paper 50 Sheet,99,"$1,967.00 "
29.05.2023,KO6657068,Kodak Premium Photo Paper 50 Sheet,102,"$1,967.00 "
05.06.2023,KO6657068,Kodak Premium Photo Paper 50 Sheet,93,"$1,834.00 "
05.06.2023,KO6657068,Kodak Premium Photo Paper 50 Sheet,97,"$1,834.00 "
05.06.2023,KO6657068,Kodak Premium Photo Paper 50 Sheet,89,"$1,834.00 "
05.06.2023,KO6657068,Kodak Premium Photo Paper 50 Sheet,83,"$1,834.00 "
05.06.2023,KO6657068,Kodak Premium Photo Paper 50 Sheet,85,"$1,834.00 "
05.06.2023,KO6657068,Kodak Premium Photo Paper 50 Sheet,99,"$1,834.00 "
05.06.2023,KO6657068,Kodak Premium Photo Paper 50 Sheet,102,"$1,834.00 "
12.06.2023,KO6657068,Kodak Premium Photo Paper 50 Sheet,93,"$1,792.00 "
12.06.2023,KO6657068,Kodak Premium Photo Paper 50 Sheet,97,"$1,792.00 "
12.06.2023,KO6657068,Kodak Premium Photo Paper 50 Sheet,89,"$1,792.00 "
12.06.2023,KO6657068,Kodak Premium Photo Paper 50 Sheet,83,"$1,792.00 "
12.06.2023,KO6657068,Kodak Premium Photo Paper 50 Sheet,85,"$1,792.00 "
12.06.2023,KO6657068,Kodak Premium Photo Paper 50 Sheet,99,"$1,792.00 "
12.06.2023,KO6657068,Kodak Premium Photo Paper 50 Sheet,102,"$1,792.00 "
19.06.2023,KO6657068,Kodak Premium Photo Paper 50 Sheet,93,"$2,176.00 "
19.06.2023,KO6657068,Kodak Premium Photo Paper 50 Sheet,97,"$2,176.00 "
19.06.2023,KO6657068,Kodak Premium Photo Paper 50 Sheet,89,"$2,176.00 "
19.06.2023,KO6657068,Kodak Premium Photo Paper 50 Sheet,83,"$2,176.00 "
19.06.2023,KO6657068,Kodak Premium Photo Paper 50 Sheet,85,"$2,176.00 "
19.06.2023,KO6657068,Kodak Premium Photo Paper 50 Sheet,99,"$2,176.00 "
19.06.2023,KO6657068,Kodak Premium Photo Paper 50 Sheet,102,"$2,176.00 "
26.06.2023,KO6657068,Kodak Premium Photo Paper 50 Sheet,93,"$2,206.00 "
26.06.2023,KO6657068,Kodak Premium Photo Paper 50 Sheet,97,"$2,206.00 "
26.06.2023,KO6657068,Kodak Premium Photo Paper 50 Sheet,89,"$2,206.00 "
26.06.2023,KO6657068,Kodak Premium Photo Paper 50 Sheet,83,"$2,206.00 "
26.06.2023,KO6657068,Kodak Premium Photo Paper 50 Sheet,85,"$2,206.00 "
26.06.2023,KO6657068,Kodak Premium Photo Paper 50 Sheet,99,"$2,206.00 "
26.06.2023,KO6657068,Kodak Premium Photo Paper 50 Sheet,102,"$2,206.00 "
15.05.2023,KO6657076,Kodak A4 Gloss Photo Paper 20 Pack,103,"$1,222.00 "
15.05.2023,KO6657076,Kodak A4 Gloss Photo Paper 20 Pack,122,"$1,222.00 "
15.05.2023,KO6657076,Kodak A4 Gloss Photo Paper 20 Pack,90,"$1,222.00 "
15.05.2023,KO6657076,Kodak A4 Gloss Photo Paper 20 Pack,91,"$1,222.00 "
15.05.2023,KO6657076,Kodak A4 Gloss Photo Paper 20 Pack,118,"$1,222.00 "
15.05.2023,KO6657076,Kodak A4 Gloss Photo Paper 20 Pack,90,"$1,222.00 "
15.05.2023,KO6657076,Kodak A4 Gloss Photo Paper 20 Pack,108,"$1,222.00 "
22.05.2023,KO6657076,Kodak A4 Gloss Photo Paper 20 Pack,103,"$1,445.00 "
22.05.2023,KO6657076,Kodak A4 Gloss Photo Paper 20 Pack,122,"$1,445.00 "
22.05.2023,KO6657076,Kodak A4 Gloss Photo Paper 20 Pack,90,"$1,445.00 "
22.05.2023,KO6657076,Kodak A4 Gloss Photo Paper 20 Pack,91,"$1,445.00 "
22.05.2023,KO6657076,Kodak A4 Gloss Photo Paper 20 Pack,118,"$1,445.00 "
22.05.2023,KO6657076,Kodak A4 Gloss Photo Paper 20 Pack,90,"$1,445.00 "
22.05.2023,KO6657076,Kodak A4 Gloss Photo Paper 20 Pack,108,"$1,445.00 "
29.05.2023,KO6657076,Kodak A4 Gloss Photo Paper 20 Pack,103,"$1,067.00 "
29.05.2023,KO6657076,Kodak A4 Gloss Photo Paper 20 Pack,122,"$1,067.00 "
29.05.2023,KO6657076,Kodak A4 Gloss Photo Paper 20 Pack,90,"$1,067.00 "
29.05.2023,KO6657076,Kodak A4 Gloss Photo Paper 20 Pack,91,"$1,067.00 "
29.05.2023,KO6657076,Kodak A4 Gloss Photo Paper 20 Pack,118,"$1,067.00 "
29.05.2023,KO6657076,Kodak A4 Gloss Photo Paper 20 Pack,90,"$1,067.00 "
29.05.2023,KO6657076,Kodak A4 Gloss Photo Paper 20 Pack,108,"$1,067.00 "
05.06.2023,KO6657076,Kodak A4 Gloss Photo Paper 20 Pack,103,"$1,079.00 "
05.06.2023,KO6657076,Kodak A4 Gloss Photo Paper 20 Pack,122,"$1,079.00 "
05.06.2023,KO6657076,Kodak A4 Gloss Photo Paper 20 Pack,90,"$1,079.00 "
05.06.2023,KO6657076,Kodak A4 Gloss Photo Paper 20 Pack,91,"$1,079.00 "
05.06.2023,KO6657076,Kodak A4 Gloss Photo Paper 20 Pack,118,"$1,079.00 "
05.06.2023,KO6657076,Kodak A4 Gloss Photo Paper 20 Pack,90,"$1,079.00 "
05.06.2023,KO6657076,Kodak A4 Gloss Photo Paper 20 Pack,108,"$1,079.00 "
12.06.2023,KO6657076,Kodak A4 Gloss Photo Paper 20 Pack,103,"$1,399.00 "
12.06.2023,KO6657076,Kodak A4 Gloss Photo Paper 20 Pack,122,"$1,399.00 "
12.06.2023,KO6657076,Kodak A4 Gloss Photo Paper 20 Pack,90,"$1,399.00 "
12.06.2023,KO6657076,Kodak A4 Gloss Photo Paper 20 Pack,91,"$1,399.00 "
12.06.2023,KO6657076,Kodak A4 Gloss Photo Paper 20 Pack,118,"$1,399.00 "
12.06.2023,KO6657076,Kodak A4 Gloss Photo Paper 20 Pack,90,"$1,399.00 "
12.06.2023,KO6657076,Kodak A4 Gloss Photo Paper 20 Pack,108,"$1,399.00 "
19.06.2023,KO6657076,Kodak A4 Gloss Photo Paper 20 Pack,103,"$1,067.00 "
19.06.2023,KO6657076,Kodak A4 Gloss Photo Paper 20 Pack,122,"$1,067.00 "
19.06.2023,KO6657076,Kodak A4 Gloss Photo Paper 20 Pack,90,"$1,067.00 "
19.06.2023,KO6657076,Kodak A4 Gloss Photo Paper 20 Pack,91,"$1,067.00 "
19.06.2023,KO6657076,Kodak A4 Gloss Photo Paper 20 Pack,118,"$1,067.00 "
19.06.2023,KO6657076,Kodak A4 Gloss Photo Paper 20 Pack,90,"$1,067.00 "
19.06.2023,KO6657076,Kodak A4 Gloss Photo Paper 20 Pack,108,"$1,067.00 "
26.06.2023,KO6657076,Kodak A4 Gloss Photo Paper 20 Pack,103,"$1,281.00 "
26.06.2023,KO6657076,Kodak A4 Gloss Photo Paper 20 Pack,122,"$1,281.00 "
26.06.2023,KO6657076,Kodak A4 Gloss Photo Paper 20 Pack,90,"$1,281.00 "
26.06.2023,KO6657076,Kodak A4 Gloss Photo Paper 20 Pack,91,"$1,281.00 "
26.06.2023,KO6657076,Kodak A4 Gloss Photo Paper 20 Pack,118,"$1,281.00 "
26.06.2023,KO6657076,Kodak A4 Gloss Photo Paper 20 Pack,90,"$1,281.00 "
26.06.2023,KO6657076,Kodak A4 Gloss Photo Paper 20 Pack,108,"$1,281.00 "
15.05.2023,KO6657167,Kodak Ultra Premium Photo Paper 20 Pack,39,"$1,003.00 "
15.05.2023,KO6657167,Kodak Ultra Premium Photo Paper 20 Pack,45,"$1,003.00 "
15.05.2023,KO6657167,Kodak Ultra Premium Photo Paper 20 Pack,53,"$1,003.00 "
15.05.2023,KO6657167,Kodak Ultra Premium Photo Paper 20 Pack,44,"$1,003.00 "
15.05.2023,KO6657167,Kodak Ultra Premium Photo Paper 20 Pack,29,"$1,003.00 "
15.05.2023,KO6657167,Kodak Ultra Premium Photo Paper 20 Pack,34,"$1,003.00 "
15.05.2023,KO6657167,Kodak Ultra Premium Photo Paper 20 Pack,45,"$1,003.00 "
22.05.2023,KO6657167,Kodak Ultra Premium Photo Paper 20 Pack,39,"$1,157.00 "
22.05.2023,KO6657167,Kodak Ultra Premium Photo Paper 20 Pack,45,"$1,157.00 "
22.05.2023,KO6657167,Kodak Ultra Premium Photo Paper 20 Pack,53,"$1,157.00 "
22.05.2023,KO6657167,Kodak Ultra Premium Photo Paper 20 Pack,44,"$1,157.00 "
22.05.2023,KO6657167,Kodak Ultra Premium Photo Paper 20 Pack,29,"$1,157.00 "
22.05.2023,KO6657167,Kodak Ultra Premium Photo Paper 20 Pack,34,"$1,157.00 "
22.05.2023,KO6657167,Kodak Ultra Premium Photo Paper 20 Pack,45,"$1,157.00 "
29.05.2023,KO6657167,Kodak Ultra Premium Photo Paper 20 Pack,39,"$1,363.00 "
29.05.2023,KO6657167,Kodak Ultra Premium Photo Paper 20 Pack,45,"$1,363.00 "
29.05.2023,KO6657167,Kodak Ultra Premium Photo Paper 20 Pack,53,"$1,363.00 "
29.05.2023,KO6657167,Kodak Ultra Premium Photo Paper 20 Pack,44,"$1,363.00 "
29.05.2023,KO6657167,Kodak Ultra Premium Photo Paper 20 Pack,29,"$1,363.00 "
29.05.2023,KO6657167,Kodak Ultra Premium Photo Paper 20 Pack,34,"$1,363.00 "
29.05.2023,KO6657167,Kodak Ultra Premium Photo Paper 20 Pack,45,"$1,363.00 "
05.06.2023,KO6657167,Kodak Ultra Premium Photo Paper 20 Pack,39,"$1,131.00 "
05.06.2023,KO6657167,Kodak Ultra Premium Photo Paper 20 Pack,45,"$1,131.00 "
05.06.2023,KO6657167,Kodak Ultra Premium Photo Paper 20 Pack,53,"$1,131.00 "
05.06.2023,KO6657167,Kodak Ultra Premium Photo Paper 20 Pack,44,"$1,131.00 "
05.06.2023,KO6657167,Kodak Ultra Premium Photo Paper 20 Pack,29,"$1,131.00 "
05.06.2023,KO6657167,Kodak Ultra Premium Photo Paper 20 Pack,34,"$1,131.00 "
05.06.2023,KO6657167,Kodak Ultra Premium Photo Paper 20 Pack,45,"$1,131.00 "
12.06.2023,KO6657167,Kodak Ultra Premium Photo Paper 20 Pack,39,$746.00 
12.06.2023,KO6657167,Kodak Ultra Premium Photo Paper 20 Pack,45,$746.00 
12.06.2023,KO6657167,Kodak Ultra Premium Photo Paper 20 Pack,53,$746.00 
12.06.2023,KO6657167,Kodak Ultra Premium Photo Paper 20 Pack,44,$746.00 
12.06.2023,KO6657167,Kodak Ultra Premium Photo Paper 20 Pack,29,$746.00 
12.06.2023,KO6657167,Kodak Ultra Premium Photo Paper 20 Pack,34,$746.00 
12.06.2023,KO6657167,Kodak Ultra Premium Photo Paper 20 Pack,45,$746.00 
19.06.2023,KO6657167,Kodak Ultra Premium Photo Paper 20 Pack,39,$873.00 
19.06.2023,KO6657167,Kodak Ultra Premium Photo Paper 20 Pack,45,$873.00 
19.06.2023,KO6657167,Kodak Ultra Premium Photo Paper 20 Pack,53,$873.00 
19.06.2023,KO6657167,Kodak Ultra Premium Photo Paper 20 Pack,44,$873.00 
19.06.2023,KO6657167,Kodak Ultra Premium Photo Paper 20 Pack,29,$873.00 
19.06.2023,KO6657167,Kodak Ultra Premium Photo Paper 20 Pack,34,$873.00 
19.06.2023,KO6657167,Kodak Ultra Premium Photo Paper 20 Pack,45,$873.00 
26.06.2023,KO6657167,Kodak Ultra Premium Photo Paper 20 Pack,39,"$1,157.00 "
26.06.2023,KO6657167,Kodak Ultra Premium Photo Paper 20 Pack,45,"$1,157.00 "
26.06.2023,KO6657167,Kodak Ultra Premium Photo Paper 20 Pack,53,"$1,157.00 "
26.06.2023,KO6657167,Kodak Ultra Premium Photo Paper 20 Pack,44,"$1,157.00 "
26.06.2023,KO6657167,Kodak Ultra Premium Photo Paper 20 Pack,29,"$1,157.00 "
26.06.2023,KO6657167,Kodak Ultra Premium Photo Paper 20 Pack,34,"$1,157.00 "
26.06.2023,KO6657167,Kodak Ultra Premium Photo Paper 20 Pack,45,"$1,157.00 "
15.05.2023,KO6657225,Kodak A4 Matte Premium Photo Paper 50 Pack,68,"$1,638.00 "
15.05.2023,KO6657225,Kodak A4 Matte Premium Photo Paper 50 Pack,55,"$1,638.00 "
15.05.2023,KO6657225,Kodak A4 Matte Premium Photo Paper 50 Pack,53,"$1,638.00 "
15.05.2023,KO6657225,Kodak A4 Matte Premium Photo Paper 50 Pack,50,"$1,638.00 "
15.05.2023,KO6657225,Kodak A4 Matte Premium Photo Paper 50 Pack,50,"$1,638.00 "
15.05.2023,KO6657225,Kodak A4 Matte Premium Photo Paper 50 Pack,60,"$1,638.00 "
15.05.2023,KO6657225,Kodak A4 Matte Premium Photo Paper 50 Pack,51,"$1,638.00 "
22.05.2023,KO6657225,Kodak A4 Matte Premium Photo Paper 50 Pack,68,"$1,326.00 "
22.05.2023,KO6657225,Kodak A4 Matte Premium Photo Paper 50 Pack,55,"$1,326.00 "
22.05.2023,KO6657225,Kodak A4 Matte Premium Photo Paper 50 Pack,53,"$1,326.00 "
22.05.2023,KO6657225,Kodak A4 Matte Premium Photo Paper 50 Pack,50,"$1,326.00 "
22.05.2023,KO6657225,Kodak A4 Matte Premium Photo Paper 50 Pack,50,"$1,326.00 "
22.05.2023,KO6657225,Kodak A4 Matte Premium Photo Paper 50 Pack,60,"$1,326.00 "
22.05.2023,KO6657225,Kodak A4 Matte Premium Photo Paper 50 Pack,51,"$1,326.00 "
29.05.2023,KO6657225,Kodak A4 Matte Premium Photo Paper 50 Pack,68,"$1,277.00 "
29.05.2023,KO6657225,Kodak A4 Matte Premium Photo Paper 50 Pack,55,"$1,277.00 "
29.05.2023,KO6657225,Kodak A4 Matte Premium Photo Paper 50 Pack,53,"$1,277.00 "
29.05.2023,KO6657225,Kodak A4 Matte Premium Photo Paper 50 Pack,50,"$1,277.00 "
29.05.2023,KO6657225,Kodak A4 Matte Premium Photo Paper 50 Pack,50,"$1,277.00 "
29.05.2023,KO6657225,Kodak A4 Matte Premium Photo Paper 50 Pack,60,"$1,277.00 "
29.05.2023,KO6657225,Kodak A4 Matte Premium Photo Paper 50 Pack,51,"$1,277.00 "
05.06.2023,KO6657225,Kodak A4 Matte Premium Photo Paper 50 Pack,68,"$1,204.00 "
05.06.2023,KO6657225,Kodak A4 Matte Premium Photo Paper 50 Pack,55,"$1,204.00 "
05.06.2023,KO6657225,Kodak A4 Matte Premium Photo Paper 50 Pack,53,"$1,204.00 "
05.06.2023,KO6657225,Kodak A4 Matte Premium Photo Paper 50 Pack,50,"$1,204.00 "
05.06.2023,KO6657225,Kodak A4 Matte Premium Photo Paper 50 Pack,50,"$1,204.00 "
05.06.2023,KO6657225,Kodak A4 Matte Premium Photo Paper 50 Pack,60,"$1,204.00 "
05.06.2023,KO6657225,Kodak A4 Matte Premium Photo Paper 50 Pack,51,"$1,204.00 "
12.06.2023,KO6657225,Kodak A4 Matte Premium Photo Paper 50 Pack,68,"$1,205.00 "
12.06.2023,KO6657225,Kodak A4 Matte Premium Photo Paper 50 Pack,55,"$1,205.00 "
12.06.2023,KO6657225,Kodak A4 Matte Premium Photo Paper 50 Pack,53,"$1,205.00 "
12.06.2023,KO6657225,Kodak A4 Matte Premium Photo Paper 50 Pack,50,"$1,205.00 "
12.06.2023,KO6657225,Kodak A4 Matte Premium Photo Paper 50 Pack,50,"$1,205.00 "
12.06.2023,KO6657225,Kodak A4 Matte Premium Photo Paper 50 Pack,60,"$1,205.00 "
12.06.2023,KO6657225,Kodak A4 Matte Premium Photo Paper 50 Pack,51,"$1,205.00 "
19.06.2023,KO6657225,Kodak A4 Matte Premium Photo Paper 50 Pack,68,"$1,446.00 "
19.06.2023,KO6657225,Kodak A4 Matte Premium Photo Paper 50 Pack,55,"$1,446.00 "
19.06.2023,KO6657225,Kodak A4 Matte Premium Photo Paper 50 Pack,53,"$1,446.00 "
19.06.2023,KO6657225,Kodak A4 Matte Premium Photo Paper 50 Pack,50,"$1,446.00 "
19.06.2023,KO6657225,Kodak A4 Matte Premium Photo Paper 50 Pack,50,"$1,446.00 "
19.06.2023,KO6657225,Kodak A4 Matte Premium Photo Paper 50 Pack,60,"$1,446.00 "
19.06.2023,KO6657225,Kodak A4 Matte Premium Photo Paper 50 Pack,51,"$1,446.00 "
26.06.2023,KO6657225,Kodak A4 Matte Premium Photo Paper 50 Pack,68,"$1,229.00 "
26.06.2023,KO6657225,Kodak A4 Matte Premium Photo Paper 50 Pack,55,"$1,229.00 "
26.06.2023,KO6657225,Kodak A4 Matte Premium Photo Paper 50 Pack,53,"$1,229.00 "
26.06.2023,KO6657225,Kodak A4 Matte Premium Photo Paper 50 Pack,50,"$1,229.00 "
26.06.2023,KO6657225,Kodak A4 Matte Premium Photo Paper 50 Pack,50,"$1,229.00 "
26.06.2023,KO6657225,Kodak A4 Matte Premium Photo Paper 50 Pack,60,"$1,229.00 "
26.06.2023,KO6657225,Kodak A4 Matte Premium Photo Paper 50 Pack,51,"$1,229.00 "
15.05.2023,KO9891092,Kodak A4 Fine Art Paper Smooth 230gsm 20 Pack,17,$289.00 
15.05.2023,KO9891092,Kodak A4 Fine Art Paper Smooth 230gsm 20 Pack,15,$289.00 
15.05.2023,KO9891092,Kodak A4 Fine Art Paper Smooth 230gsm 20 Pack,25,$289.00 
15.05.2023,KO9891092,Kodak A4 Fine Art Paper Smooth 230gsm 20 Pack,29,$289.00 
15.05.2023,KO9891092,Kodak A4 Fine Art Paper Smooth 230gsm 20 Pack,22,$289.00 
15.05.2023,KO9891092,Kodak A4 Fine Art Paper Smooth 230gsm 20 Pack,29,$289.00 
15.05.2023,KO9891092,Kodak A4 Fine Art Paper Smooth 230gsm 20 Pack,13,$289.00 
22.05.2023,KO9891092,Kodak A4 Fine Art Paper Smooth 230gsm 20 Pack,17,$255.00 
22.05.2023,KO9891092,Kodak A4 Fine Art Paper Smooth 230gsm 20 Pack,15,$255.00 
22.05.2023,KO9891092,Kodak A4 Fine Art Paper Smooth 230gsm 20 Pack,25,$255.00 
22.05.2023,KO9891092,Kodak A4 Fine Art Paper Smooth 230gsm 20 Pack,29,$255.00 
22.05.2023,KO9891092,Kodak A4 Fine Art Paper Smooth 230gsm 20 Pack,22,$255.00 
22.05.2023,KO9891092,Kodak A4 Fine Art Paper Smooth 230gsm 20 Pack,29,$255.00 
22.05.2023,KO9891092,Kodak A4 Fine Art Paper Smooth 230gsm 20 Pack,13,$255.00 
29.05.2023,KO9891092,Kodak A4 Fine Art Paper Smooth 230gsm 20 Pack,17,$425.00 
29.05.2023,KO9891092,Kodak A4 Fine Art Paper Smooth 230gsm 20 Pack,15,$425.00 
29.05.2023,KO9891092,Kodak A4 Fine Art Paper Smooth 230gsm 20 Pack,25,$425.00 
29.05.2023,KO9891092,Kodak A4 Fine Art Paper Smooth 230gsm 20 Pack,29,$425.00 
29.05.2023,KO9891092,Kodak A4 Fine Art Paper Smooth 230gsm 20 Pack,22,$425.00 
29.05.2023,KO9891092,Kodak A4 Fine Art Paper Smooth 230gsm 20 Pack,29,$425.00 
29.05.2023,KO9891092,Kodak A4 Fine Art Paper Smooth 230gsm 20 Pack,13,$425.00 
05.06.2023,KO9891092,Kodak A4 Fine Art Paper Smooth 230gsm 20 Pack,17,$492.00 
05.06.2023,KO9891092,Kodak A4 Fine Art Paper Smooth 230gsm 20 Pack,15,$492.00 
05.06.2023,KO9891092,Kodak A4 Fine Art Paper Smooth 230gsm 20 Pack,25,$492.00 
05.06.2023,KO9891092,Kodak A4 Fine Art Paper Smooth 230gsm 20 Pack,29,$492.00 
05.06.2023,KO9891092,Kodak A4 Fine Art Paper Smooth 230gsm 20 Pack,22,$492.00 
05.06.2023,KO9891092,Kodak A4 Fine Art Paper Smooth 230gsm 20 Pack,29,$492.00 
05.06.2023,KO9891092,Kodak A4 Fine Art Paper Smooth 230gsm 20 Pack,13,$492.00 
12.06.2023,KO9891092,Kodak A4 Fine Art Paper Smooth 230gsm 20 Pack,17,$374.00 
12.06.2023,KO9891092,Kodak A4 Fine Art Paper Smooth 230gsm 20 Pack,15,$374.00 
12.06.2023,KO9891092,Kodak A4 Fine Art Paper Smooth 230gsm 20 Pack,25,$374.00 
12.06.2023,KO9891092,Kodak A4 Fine Art Paper Smooth 230gsm 20 Pack,29,$374.00 
12.06.2023,KO9891092,Kodak A4 Fine Art Paper Smooth 230gsm 20 Pack,22,$374.00 
12.06.2023,KO9891092,Kodak A4 Fine Art Paper Smooth 230gsm 20 Pack,29,$374.00 
12.06.2023,KO9891092,Kodak A4 Fine Art Paper Smooth 230gsm 20 Pack,13,$374.00 
19.06.2023,KO9891092,Kodak A4 Fine Art Paper Smooth 230gsm 20 Pack,17,$492.00 
19.06.2023,KO9891092,Kodak A4 Fine Art Paper Smooth 230gsm 20 Pack,15,$492.00 
19.06.2023,KO9891092,Kodak A4 Fine Art Paper Smooth 230gsm 20 Pack,25,$492.00 
19.06.2023,KO9891092,Kodak A4 Fine Art Paper Smooth 230gsm 20 Pack,29,$492.00 
19.06.2023,KO9891092,Kodak A4 Fine Art Paper Smooth 230gsm 20 Pack,22,$492.00 
19.06.2023,KO9891092,Kodak A4 Fine Art Paper Smooth 230gsm 20 Pack,29,$492.00 
19.06.2023,KO9891092,Kodak A4 Fine Art Paper Smooth 230gsm 20 Pack,13,$492.00 
26.06.2023,KO9891092,Kodak A4 Fine Art Paper Smooth 230gsm 20 Pack,17,$221.00 
26.06.2023,KO9891092,Kodak A4 Fine Art Paper Smooth 230gsm 20 Pack,15,$221.00 
26.06.2023,KO9891092,Kodak A4 Fine Art Paper Smooth 230gsm 20 Pack,25,$221.00 
26.06.2023,KO9891092,Kodak A4 Fine Art Paper Smooth 230gsm 20 Pack,29,$221.00 
26.06.2023,KO9891092,Kodak A4 Fine Art Paper Smooth 230gsm 20 Pack,22,$221.00 
26.06.2023,KO9891092,Kodak A4 Fine Art Paper Smooth 230gsm 20 Pack,29,$221.00 
26.06.2023,KO9891092,Kodak A4 Fine Art Paper Smooth 230gsm 20 Pack,13,$221.00 
15.05.2023,KOFABSTK,Kodak Photo Fabric Stick Ups 10 Pack,4,$204.00 
15.05.2023,KOFABSTK,Kodak Photo Fabric Stick Ups 10 Pack,9,$204.00 
15.05.2023,KOFABSTK,Kodak Photo Fabric Stick Ups 10 Pack,3,$204.00 
15.05.2023,KOFABSTK,Kodak Photo Fabric Stick Ups 10 Pack,5,$204.00 
15.05.2023,KOFABSTK,Kodak Photo Fabric Stick Ups 10 Pack,3,$204.00 
15.05.2023,KOFABSTK,Kodak Photo Fabric Stick Ups 10 Pack,3,$204.00 
15.05.2023,KOFABSTK,Kodak Photo Fabric Stick Ups 10 Pack,1,$204.00 
22.05.2023,KOFABSTK,Kodak Photo Fabric Stick Ups 10 Pack,4,$460.00 
22.05.2023,KOFABSTK,Kodak Photo Fabric Stick Ups 10 Pack,9,$460.00 
22.05.2023,KOFABSTK,Kodak Photo Fabric Stick Ups 10 Pack,3,$460.00 
22.05.2023,KOFABSTK,Kodak Photo Fabric Stick Ups 10 Pack,5,$460.00 
22.05.2023,KOFABSTK,Kodak Photo Fabric Stick Ups 10 Pack,3,$460.00 
22.05.2023,KOFABSTK,Kodak Photo Fabric Stick Ups 10 Pack,3,$460.00 
22.05.2023,KOFABSTK,Kodak Photo Fabric Stick Ups 10 Pack,1,$460.00 
29.05.2023,KOFABSTK,Kodak Photo Fabric Stick Ups 10 Pack,4,$153.00 
29.05.2023,KOFABSTK,Kodak Photo Fabric Stick Ups 10 Pack,9,$153.00 
29.05.2023,KOFABSTK,Kodak Photo Fabric Stick Ups 10 Pack,3,$153.00 
29.05.2023,KOFABSTK,Kodak Photo Fabric Stick Ups 10 Pack,5,$153.00 
29.05.2023,KOFABSTK,Kodak Photo Fabric Stick Ups 10 Pack,3,$153.00 
29.05.2023,KOFABSTK,Kodak Photo Fabric Stick Ups 10 Pack,3,$153.00 
29.05.2023,KOFABSTK,Kodak Photo Fabric Stick Ups 10 Pack,1,$153.00 
05.06.2023,KOFABSTK,Kodak Photo Fabric Stick Ups 10 Pack,4,$255.00 
05.06.2023,KOFABSTK,Kodak Photo Fabric Stick Ups 10 Pack,9,$255.00 
05.06.2023,KOFABSTK,Kodak Photo Fabric Stick Ups 10 Pack,3,$255.00 
05.06.2023,KOFABSTK,Kodak Photo Fabric Stick Ups 10 Pack,5,$255.00 
05.06.2023,KOFABSTK,Kodak Photo Fabric Stick Ups 10 Pack,3,$255.00 
05.06.2023,KOFABSTK,Kodak Photo Fabric Stick Ups 10 Pack,3,$255.00 
05.06.2023,KOFABSTK,Kodak Photo Fabric Stick Ups 10 Pack,1,$255.00 
12.06.2023,KOFABSTK,Kodak Photo Fabric Stick Ups 10 Pack,4,$153.00 
12.06.2023,KOFABSTK,Kodak Photo Fabric Stick Ups 10 Pack,9,$153.00 
12.06.2023,KOFABSTK,Kodak Photo Fabric Stick Ups 10 Pack,3,$153.00 
12.06.2023,KOFABSTK,Kodak Photo Fabric Stick Ups 10 Pack,5,$153.00 
12.06.2023,KOFABSTK,Kodak Photo Fabric Stick Ups 10 Pack,3,$153.00 
12.06.2023,KOFABSTK,Kodak Photo Fabric Stick Ups 10 Pack,3,$153.00 
12.06.2023,KOFABSTK,Kodak Photo Fabric Stick Ups 10 Pack,1,$153.00 
19.06.2023,KOFABSTK,Kodak Photo Fabric Stick Ups 10 Pack,4,$153.00 
19.06.2023,KOFABSTK,Kodak Photo Fabric Stick Ups 10 Pack,9,$153.00 
19.06.2023,KOFABSTK,Kodak Photo Fabric Stick Ups 10 Pack,3,$153.00 
19.06.2023,KOFABSTK,Kodak Photo Fabric Stick Ups 10 Pack,5,$153.00 
19.06.2023,KOFABSTK,Kodak Photo Fabric Stick Ups 10 Pack,3,$153.00 
19.06.2023,KOFABSTK,Kodak Photo Fabric Stick Ups 10 Pack,3,$153.00 
19.06.2023,KOFABSTK,Kodak Photo Fabric Stick Ups 10 Pack,1,$153.00 
26.06.2023,KOFABSTK,Kodak Photo Fabric Stick Ups 10 Pack,4,$51.00 
26.06.2023,KOFABSTK,Kodak Photo Fabric Stick Ups 10 Pack,9,$51.00 
26.06.2023,KOFABSTK,Kodak Photo Fabric Stick Ups 10 Pack,3,$51.00 
26.06.2023,KOFABSTK,Kodak Photo Fabric Stick Ups 10 Pack,5,$51.00 
26.06.2023,KOFABSTK,Kodak Photo Fabric Stick Ups 10 Pack,3,$51.00 
26.06.2023,KOFABSTK,Kodak Photo Fabric Stick Ups 10 Pack,3,$51.00 
26.06.2023,KOFABSTK,Kodak Photo Fabric Stick Ups 10 Pack,1,$51.00 
15.05.2023,KOFACANA4,Kodak A4 Fine Art Canvas Paper 230gsm 20 Pack,34,$746.00 
15.05.2023,KOFACANA4,Kodak A4 Fine Art Canvas Paper 230gsm 20 Pack,18,$746.00 
15.05.2023,KOFACANA4,Kodak A4 Fine Art Canvas Paper 230gsm 20 Pack,11,$746.00 
15.05.2023,KOFACANA4,Kodak A4 Fine Art Canvas Paper 230gsm 20 Pack,16,$746.00 
15.05.2023,KOFACANA4,Kodak A4 Fine Art Canvas Paper 230gsm 20 Pack,15,$746.00 
15.05.2023,KOFACANA4,Kodak A4 Fine Art Canvas Paper 230gsm 20 Pack,26,$746.00 
15.05.2023,KOFACANA4,Kodak A4 Fine Art Canvas Paper 230gsm 20 Pack,26,$746.00 
22.05.2023,KOFACANA4,Kodak A4 Fine Art Canvas Paper 230gsm 20 Pack,34,$395.00 
22.05.2023,KOFACANA4,Kodak A4 Fine Art Canvas Paper 230gsm 20 Pack,18,$395.00 
22.05.2023,KOFACANA4,Kodak A4 Fine Art Canvas Paper 230gsm 20 Pack,11,$395.00 
22.05.2023,KOFACANA4,Kodak A4 Fine Art Canvas Paper 230gsm 20 Pack,16,$395.00 
22.05.2023,KOFACANA4,Kodak A4 Fine Art Canvas Paper 230gsm 20 Pack,15,$395.00 
22.05.2023,KOFACANA4,Kodak A4 Fine Art Canvas Paper 230gsm 20 Pack,26,$395.00 
22.05.2023,KOFACANA4,Kodak A4 Fine Art Canvas Paper 230gsm 20 Pack,26,$395.00 
29.05.2023,KOFACANA4,Kodak A4 Fine Art Canvas Paper 230gsm 20 Pack,34,$241.00 
29.05.2023,KOFACANA4,Kodak A4 Fine Art Canvas Paper 230gsm 20 Pack,18,$241.00 
29.05.2023,KOFACANA4,Kodak A4 Fine Art Canvas Paper 230gsm 20 Pack,11,$241.00 
29.05.2023,KOFACANA4,Kodak A4 Fine Art Canvas Paper 230gsm 20 Pack,16,$241.00 
29.05.2023,KOFACANA4,Kodak A4 Fine Art Canvas Paper 230gsm 20 Pack,15,$241.00 
29.05.2023,KOFACANA4,Kodak A4 Fine Art Canvas Paper 230gsm 20 Pack,26,$241.00 
29.05.2023,KOFACANA4,Kodak A4 Fine Art Canvas Paper 230gsm 20 Pack,26,$241.00 
05.06.2023,KOFACANA4,Kodak A4 Fine Art Canvas Paper 230gsm 20 Pack,34,$350.00 
05.06.2023,KOFACANA4,Kodak A4 Fine Art Canvas Paper 230gsm 20 Pack,18,$350.00 
05.06.2023,KOFACANA4,Kodak A4 Fine Art Canvas Paper 230gsm 20 Pack,11,$350.00 
05.06.2023,KOFACANA4,Kodak A4 Fine Art Canvas Paper 230gsm 20 Pack,16,$350.00 
05.06.2023,KOFACANA4,Kodak A4 Fine Art Canvas Paper 230gsm 20 Pack,15,$350.00 
05.06.2023,KOFACANA4,Kodak A4 Fine Art Canvas Paper 230gsm 20 Pack,26,$350.00 
05.06.2023,KOFACANA4,Kodak A4 Fine Art Canvas Paper 230gsm 20 Pack,26,$350.00 
12.06.2023,KOFACANA4,Kodak A4 Fine Art Canvas Paper 230gsm 20 Pack,34,$328.00 
12.06.2023,KOFACANA4,Kodak A4 Fine Art Canvas Paper 230gsm 20 Pack,18,$328.00 
12.06.2023,KOFACANA4,Kodak A4 Fine Art Canvas Paper 230gsm 20 Pack,11,$328.00 
12.06.2023,KOFACANA4,Kodak A4 Fine Art Canvas Paper 230gsm 20 Pack,16,$328.00 
12.06.2023,KOFACANA4,Kodak A4 Fine Art Canvas Paper 230gsm 20 Pack,15,$328.00 
12.06.2023,KOFACANA4,Kodak A4 Fine Art Canvas Paper 230gsm 20 Pack,26,$328.00 
12.06.2023,KOFACANA4,Kodak A4 Fine Art Canvas Paper 230gsm 20 Pack,26,$328.00 
19.06.2023,KOFACANA4,Kodak A4 Fine Art Canvas Paper 230gsm 20 Pack,34,$566.00 
19.06.2023,KOFACANA4,Kodak A4 Fine Art Canvas Paper 230gsm 20 Pack,18,$566.00 
19.06.2023,KOFACANA4,Kodak A4 Fine Art Canvas Paper 230gsm 20 Pack,11,$566.00 
19.06.2023,KOFACANA4,Kodak A4 Fine Art Canvas Paper 230gsm 20 Pack,16,$566.00 
19.06.2023,KOFACANA4,Kodak A4 Fine Art Canvas Paper 230gsm 20 Pack,15,$566.00 
19.06.2023,KOFACANA4,Kodak A4 Fine Art Canvas Paper 230gsm 20 Pack,26,$566.00 
19.06.2023,KOFACANA4,Kodak A4 Fine Art Canvas Paper 230gsm 20 Pack,26,$566.00 
26.06.2023,KOFACANA4,Kodak A4 Fine Art Canvas Paper 230gsm 20 Pack,34,$570.00 
26.06.2023,KOFACANA4,Kodak A4 Fine Art Canvas Paper 230gsm 20 Pack,18,$570.00 
26.06.2023,KOFACANA4,Kodak A4 Fine Art Canvas Paper 230gsm 20 Pack,11,$570.00 
26.06.2023,KOFACANA4,Kodak A4 Fine Art Canvas Paper 230gsm 20 Pack,16,$570.00 
26.06.2023,KOFACANA4,Kodak A4 Fine Art Canvas Paper 230gsm 20 Pack,15,$570.00 
26.06.2023,KOFACANA4,Kodak A4 Fine Art Canvas Paper 230gsm 20 Pack,26,$570.00 
26.06.2023,KOFACANA4,Kodak A4 Fine Art Canvas Paper 230gsm 20 Pack,26,$570.00 
15.05.2023,KOFAETCHA4,Kodak  A4 Fine Art Etching 210gsm 20 Pack,,
15.05.2023,KOFAETCHA4,Kodak  A4 Fine Art Etching 210gsm 20 Pack,1,
15.05.2023,KOFAETCHA4,Kodak  A4 Fine Art Etching 210gsm 20 Pack,1,
15.05.2023,KOFAETCHA4,Kodak  A4 Fine Art Etching 210gsm 20 Pack,1,
15.05.2023,KOFAETCHA4,Kodak  A4 Fine Art Etching 210gsm 20 Pack,,
15.05.2023,KOFAETCHA4,Kodak  A4 Fine Art Etching 210gsm 20 Pack,,
15.05.2023,KOFAETCHA4,Kodak  A4 Fine Art Etching 210gsm 20 Pack,4,
22.05.2023,KOFAETCHA4,Kodak  A4 Fine Art Etching 210gsm 20 Pack,,$26.00 
22.05.2023,KOFAETCHA4,Kodak  A4 Fine Art Etching 210gsm 20 Pack,1,$26.00 
22.05.2023,KOFAETCHA4,Kodak  A4 Fine Art Etching 210gsm 20 Pack,1,$26.00 
22.05.2023,KOFAETCHA4,Kodak  A4 Fine Art Etching 210gsm 20 Pack,1,$26.00 
22.05.2023,KOFAETCHA4,Kodak  A4 Fine Art Etching 210gsm 20 Pack,,$26.00 
22.05.2023,KOFAETCHA4,Kodak  A4 Fine Art Etching 210gsm 20 Pack,,$26.00 
22.05.2023,KOFAETCHA4,Kodak  A4 Fine Art Etching 210gsm 20 Pack,4,$26.00 
29.05.2023,KOFAETCHA4,Kodak  A4 Fine Art Etching 210gsm 20 Pack,,$26.00 
29.05.2023,KOFAETCHA4,Kodak  A4 Fine Art Etching 210gsm 20 Pack,1,$26.00 
29.05.2023,KOFAETCHA4,Kodak  A4 Fine Art Etching 210gsm 20 Pack,1,$26.00 
29.05.2023,KOFAETCHA4,Kodak  A4 Fine Art Etching 210gsm 20 Pack,1,$26.00 
29.05.2023,KOFAETCHA4,Kodak  A4 Fine Art Etching 210gsm 20 Pack,,$26.00 
29.05.2023,KOFAETCHA4,Kodak  A4 Fine Art Etching 210gsm 20 Pack,,$26.00 
29.05.2023,KOFAETCHA4,Kodak  A4 Fine Art Etching 210gsm 20 Pack,4,$26.00 
05.06.2023,KOFAETCHA4,Kodak  A4 Fine Art Etching 210gsm 20 Pack,,$26.00 
05.06.2023,KOFAETCHA4,Kodak  A4 Fine Art Etching 210gsm 20 Pack,1,$26.00 
05.06.2023,KOFAETCHA4,Kodak  A4 Fine Art Etching 210gsm 20 Pack,1,$26.00 
05.06.2023,KOFAETCHA4,Kodak  A4 Fine Art Etching 210gsm 20 Pack,1,$26.00 
05.06.2023,KOFAETCHA4,Kodak  A4 Fine Art Etching 210gsm 20 Pack,,$26.00 
05.06.2023,KOFAETCHA4,Kodak  A4 Fine Art Etching 210gsm 20 Pack,,$26.00 
05.06.2023,KOFAETCHA4,Kodak  A4 Fine Art Etching 210gsm 20 Pack,4,$26.00 
12.06.2023,KOFAETCHA4,Kodak  A4 Fine Art Etching 210gsm 20 Pack,,
12.06.2023,KOFAETCHA4,Kodak  A4 Fine Art Etching 210gsm 20 Pack,1,
12.06.2023,KOFAETCHA4,Kodak  A4 Fine Art Etching 210gsm 20 Pack,1,
12.06.2023,KOFAETCHA4,Kodak  A4 Fine Art Etching 210gsm 20 Pack,1,
12.06.2023,KOFAETCHA4,Kodak  A4 Fine Art Etching 210gsm 20 Pack,,
12.06.2023,KOFAETCHA4,Kodak  A4 Fine Art Etching 210gsm 20 Pack,,
12.06.2023,KOFAETCHA4,Kodak  A4 Fine Art Etching 210gsm 20 Pack,4,
19.06.2023,KOFAETCHA4,Kodak  A4 Fine Art Etching 210gsm 20 Pack,,
19.06.2023,KOFAETCHA4,Kodak  A4 Fine Art Etching 210gsm 20 Pack,1,
19.06.2023,KOFAETCHA4,Kodak  A4 Fine Art Etching 210gsm 20 Pack,1,
19.06.2023,KOFAETCHA4,Kodak  A4 Fine Art Etching 210gsm 20 Pack,1,
19.06.2023,KOFAETCHA4,Kodak  A4 Fine Art Etching 210gsm 20 Pack,,
19.06.2023,KOFAETCHA4,Kodak  A4 Fine Art Etching 210gsm 20 Pack,,
19.06.2023,KOFAETCHA4,Kodak  A4 Fine Art Etching 210gsm 20 Pack,4,
26.06.2023,KOFAETCHA4,Kodak  A4 Fine Art Etching 210gsm 20 Pack,,$104.00 
26.06.2023,KOFAETCHA4,Kodak  A4 Fine Art Etching 210gsm 20 Pack,1,$104.00 
26.06.2023,KOFAETCHA4,Kodak  A4 Fine Art Etching 210gsm 20 Pack,1,$104.00 
26.06.2023,KOFAETCHA4,Kodak  A4 Fine Art Etching 210gsm 20 Pack,1,$104.00 
26.06.2023,KOFAETCHA4,Kodak  A4 Fine Art Etching 210gsm 20 Pack,,$104.00 
26.06.2023,KOFAETCHA4,Kodak  A4 Fine Art Etching 210gsm 20 Pack,,$104.00 
26.06.2023,KOFAETCHA4,Kodak  A4 Fine Art Etching 210gsm 20 Pack,4,$104.00 
15.05.2023,KOFAMETA4,Kodak A4 Fine Art Paper Metallic 240gsm 20 Pack,1,$22.00 
15.05.2023,KOFAMETA4,Kodak A4 Fine Art Paper Metallic 240gsm 20 Pack,,$22.00 
15.05.2023,KOFAMETA4,Kodak A4 Fine Art Paper Metallic 240gsm 20 Pack,,$22.00 
15.05.2023,KOFAMETA4,Kodak A4 Fine Art Paper Metallic 240gsm 20 Pack,,$22.00 
15.05.2023,KOFAMETA4,Kodak A4 Fine Art Paper Metallic 240gsm 20 Pack,1,$22.00 
15.05.2023,KOFAMETA4,Kodak A4 Fine Art Paper Metallic 240gsm 20 Pack,,$22.00 
15.05.2023,KOFAMETA4,Kodak A4 Fine Art Paper Metallic 240gsm 20 Pack,6,$22.00 
22.05.2023,KOFAMETA4,Kodak A4 Fine Art Paper Metallic 240gsm 20 Pack,1,
22.05.2023,KOFAMETA4,Kodak A4 Fine Art Paper Metallic 240gsm 20 Pack,,
22.05.2023,KOFAMETA4,Kodak A4 Fine Art Paper Metallic 240gsm 20 Pack,,
22.05.2023,KOFAMETA4,Kodak A4 Fine Art Paper Metallic 240gsm 20 Pack,,
22.05.2023,KOFAMETA4,Kodak A4 Fine Art Paper Metallic 240gsm 20 Pack,1,
22.05.2023,KOFAMETA4,Kodak A4 Fine Art Paper Metallic 240gsm 20 Pack,,
22.05.2023,KOFAMETA4,Kodak A4 Fine Art Paper Metallic 240gsm 20 Pack,6,
29.05.2023,KOFAMETA4,Kodak A4 Fine Art Paper Metallic 240gsm 20 Pack,1,
29.05.2023,KOFAMETA4,Kodak A4 Fine Art Paper Metallic 240gsm 20 Pack,,
29.05.2023,KOFAMETA4,Kodak A4 Fine Art Paper Metallic 240gsm 20 Pack,,
29.05.2023,KOFAMETA4,Kodak A4 Fine Art Paper Metallic 240gsm 20 Pack,,
29.05.2023,KOFAMETA4,Kodak A4 Fine Art Paper Metallic 240gsm 20 Pack,1,
29.05.2023,KOFAMETA4,Kodak A4 Fine Art Paper Metallic 240gsm 20 Pack,,
29.05.2023,KOFAMETA4,Kodak A4 Fine Art Paper Metallic 240gsm 20 Pack,6,
05.06.2023,KOFAMETA4,Kodak A4 Fine Art Paper Metallic 240gsm 20 Pack,1,
05.06.2023,KOFAMETA4,Kodak A4 Fine Art Paper Metallic 240gsm 20 Pack,,
05.06.2023,KOFAMETA4,Kodak A4 Fine Art Paper Metallic 240gsm 20 Pack,,
05.06.2023,KOFAMETA4,Kodak A4 Fine Art Paper Metallic 240gsm 20 Pack,,
05.06.2023,KOFAMETA4,Kodak A4 Fine Art Paper Metallic 240gsm 20 Pack,1,
05.06.2023,KOFAMETA4,Kodak A4 Fine Art Paper Metallic 240gsm 20 Pack,,
05.06.2023,KOFAMETA4,Kodak A4 Fine Art Paper Metallic 240gsm 20 Pack,6,
12.06.2023,KOFAMETA4,Kodak A4 Fine Art Paper Metallic 240gsm 20 Pack,1,$22.00 
12.06.2023,KOFAMETA4,Kodak A4 Fine Art Paper Metallic 240gsm 20 Pack,,$22.00 
12.06.2023,KOFAMETA4,Kodak A4 Fine Art Paper Metallic 240gsm 20 Pack,,$22.00 
12.06.2023,KOFAMETA4,Kodak A4 Fine Art Paper Metallic 240gsm 20 Pack,,$22.00 
12.06.2023,KOFAMETA4,Kodak A4 Fine Art Paper Metallic 240gsm 20 Pack,1,$22.00 
12.06.2023,KOFAMETA4,Kodak A4 Fine Art Paper Metallic 240gsm 20 Pack,,$22.00 
12.06.2023,KOFAMETA4,Kodak A4 Fine Art Paper Metallic 240gsm 20 Pack,6,$22.00 
19.06.2023,KOFAMETA4,Kodak A4 Fine Art Paper Metallic 240gsm 20 Pack,1,
19.06.2023,KOFAMETA4,Kodak A4 Fine Art Paper Metallic 240gsm 20 Pack,,
19.06.2023,KOFAMETA4,Kodak A4 Fine Art Paper Metallic 240gsm 20 Pack,,
19.06.2023,KOFAMETA4,Kodak A4 Fine Art Paper Metallic 240gsm 20 Pack,,
19.06.2023,KOFAMETA4,Kodak A4 Fine Art Paper Metallic 240gsm 20 Pack,1,
19.06.2023,KOFAMETA4,Kodak A4 Fine Art Paper Metallic 240gsm 20 Pack,,
19.06.2023,KOFAMETA4,Kodak A4 Fine Art Paper Metallic 240gsm 20 Pack,6,
26.06.2023,KOFAMETA4,Kodak A4 Fine Art Paper Metallic 240gsm 20 Pack,1,$132.00 
26.06.2023,KOFAMETA4,Kodak A4 Fine Art Paper Metallic 240gsm 20 Pack,,$132.00 
26.06.2023,KOFAMETA4,Kodak A4 Fine Art Paper Metallic 240gsm 20 Pack,,$132.00 
26.06.2023,KOFAMETA4,Kodak A4 Fine Art Paper Metallic 240gsm 20 Pack,,$132.00 
26.06.2023,KOFAMETA4,Kodak A4 Fine Art Paper Metallic 240gsm 20 Pack,1,$132.00 
26.06.2023,KOFAMETA4,Kodak A4 Fine Art Paper Metallic 240gsm 20 Pack,,$132.00 
26.06.2023,KOFAMETA4,Kodak A4 Fine Art Paper Metallic 240gsm 20 Pack,6,$132.00 
15.05.2023,KOFAPRLA4,Kodak A4 Fine Art Pearl Paper 210gsm 20 Pack,3,$66.00 
15.05.2023,KOFAPRLA4,Kodak A4 Fine Art Pearl Paper 210gsm 20 Pack,1,$66.00 
15.05.2023,KOFAPRLA4,Kodak A4 Fine Art Pearl Paper 210gsm 20 Pack,1,$66.00 
15.05.2023,KOFAPRLA4,Kodak A4 Fine Art Pearl Paper 210gsm 20 Pack,,$66.00 
15.05.2023,KOFAPRLA4,Kodak A4 Fine Art Pearl Paper 210gsm 20 Pack,1,$66.00 
15.05.2023,KOFAPRLA4,Kodak A4 Fine Art Pearl Paper 210gsm 20 Pack,,$66.00 
15.05.2023,KOFAPRLA4,Kodak A4 Fine Art Pearl Paper 210gsm 20 Pack,1,$66.00 
22.05.2023,KOFAPRLA4,Kodak A4 Fine Art Pearl Paper 210gsm 20 Pack,3,$22.00 
22.05.2023,KOFAPRLA4,Kodak A4 Fine Art Pearl Paper 210gsm 20 Pack,1,$22.00 
22.05.2023,KOFAPRLA4,Kodak A4 Fine Art Pearl Paper 210gsm 20 Pack,1,$22.00 
22.05.2023,KOFAPRLA4,Kodak A4 Fine Art Pearl Paper 210gsm 20 Pack,,$22.00 
22.05.2023,KOFAPRLA4,Kodak A4 Fine Art Pearl Paper 210gsm 20 Pack,1,$22.00 
22.05.2023,KOFAPRLA4,Kodak A4 Fine Art Pearl Paper 210gsm 20 Pack,,$22.00 
22.05.2023,KOFAPRLA4,Kodak A4 Fine Art Pearl Paper 210gsm 20 Pack,1,$22.00 
29.05.2023,KOFAPRLA4,Kodak A4 Fine Art Pearl Paper 210gsm 20 Pack,3,$22.00 
29.05.2023,KOFAPRLA4,Kodak A4 Fine Art Pearl Paper 210gsm 20 Pack,1,$22.00 
29.05.2023,KOFAPRLA4,Kodak A4 Fine Art Pearl Paper 210gsm 20 Pack,1,$22.00 
29.05.2023,KOFAPRLA4,Kodak A4 Fine Art Pearl Paper 210gsm 20 Pack,,$22.00 
29.05.2023,KOFAPRLA4,Kodak A4 Fine Art Pearl Paper 210gsm 20 Pack,1,$22.00 
29.05.2023,KOFAPRLA4,Kodak A4 Fine Art Pearl Paper 210gsm 20 Pack,,$22.00 
29.05.2023,KOFAPRLA4,Kodak A4 Fine Art Pearl Paper 210gsm 20 Pack,1,$22.00 
05.06.2023,KOFAPRLA4,Kodak A4 Fine Art Pearl Paper 210gsm 20 Pack,3,
05.06.2023,KOFAPRLA4,Kodak A4 Fine Art Pearl Paper 210gsm 20 Pack,1,
05.06.2023,KOFAPRLA4,Kodak A4 Fine Art Pearl Paper 210gsm 20 Pack,1,
05.06.2023,KOFAPRLA4,Kodak A4 Fine Art Pearl Paper 210gsm 20 Pack,,
05.06.2023,KOFAPRLA4,Kodak A4 Fine Art Pearl Paper 210gsm 20 Pack,1,
05.06.2023,KOFAPRLA4,Kodak A4 Fine Art Pearl Paper 210gsm 20 Pack,,
05.06.2023,KOFAPRLA4,Kodak A4 Fine Art Pearl Paper 210gsm 20 Pack,1,
12.06.2023,KOFAPRLA4,Kodak A4 Fine Art Pearl Paper 210gsm 20 Pack,3,$22.00 
12.06.2023,KOFAPRLA4,Kodak A4 Fine Art Pearl Paper 210gsm 20 Pack,1,$22.00 
12.06.2023,KOFAPRLA4,Kodak A4 Fine Art Pearl Paper 210gsm 20 Pack,1,$22.00 
12.06.2023,KOFAPRLA4,Kodak A4 Fine Art Pearl Paper 210gsm 20 Pack,,$22.00 
12.06.2023,KOFAPRLA4,Kodak A4 Fine Art Pearl Paper 210gsm 20 Pack,1,$22.00 
12.06.2023,KOFAPRLA4,Kodak A4 Fine Art Pearl Paper 210gsm 20 Pack,,$22.00 
12.06.2023,KOFAPRLA4,Kodak A4 Fine Art Pearl Paper 210gsm 20 Pack,1,$22.00 
19.06.2023,KOFAPRLA4,Kodak A4 Fine Art Pearl Paper 210gsm 20 Pack,3,
19.06.2023,KOFAPRLA4,Kodak A4 Fine Art Pearl Paper 210gsm 20 Pack,1,
19.06.2023,KOFAPRLA4,Kodak A4 Fine Art Pearl Paper 210gsm 20 Pack,1,
19.06.2023,KOFAPRLA4,Kodak A4 Fine Art Pearl Paper 210gsm 20 Pack,,
19.06.2023,KOFAPRLA4,Kodak A4 Fine Art Pearl Paper 210gsm 20 Pack,1,
19.06.2023,KOFAPRLA4,Kodak A4 Fine Art Pearl Paper 210gsm 20 Pack,,
19.06.2023,KOFAPRLA4,Kodak A4 Fine Art Pearl Paper 210gsm 20 Pack,1,
26.06.2023,KOFAPRLA4,Kodak A4 Fine Art Pearl Paper 210gsm 20 Pack,3,$22.00 
26.06.2023,KOFAPRLA4,Kodak A4 Fine Art Pearl Paper 210gsm 20 Pack,1,$22.00 
26.06.2023,KOFAPRLA4,Kodak A4 Fine Art Pearl Paper 210gsm 20 Pack,1,$22.00 
26.06.2023,KOFAPRLA4,Kodak A4 Fine Art Pearl Paper 210gsm 20 Pack,,$22.00 
26.06.2023,KOFAPRLA4,Kodak A4 Fine Art Pearl Paper 210gsm 20 Pack,1,$22.00 
26.06.2023,KOFAPRLA4,Kodak A4 Fine Art Pearl Paper 210gsm 20 Pack,,$22.00 
26.06.2023,KOFAPRLA4,Kodak A4 Fine Art Pearl Paper 210gsm 20 Pack,1,$22.00 
15.05.2023,KOFASILKA4,Kodak A4 Fine Art Silky Paper 210gsm 20 Pack,1,$22.00 
15.05.2023,KOFASILKA4,Kodak A4 Fine Art Silky Paper 210gsm 20 Pack,,$22.00 
15.05.2023,KOFASILKA4,Kodak A4 Fine Art Silky Paper 210gsm 20 Pack,,$22.00 
15.05.2023,KOFASILKA4,Kodak A4 Fine Art Silky Paper 210gsm 20 Pack,,$22.00 
15.05.2023,KOFASILKA4,Kodak A4 Fine Art Silky Paper 210gsm 20 Pack,2,$22.00 
15.05.2023,KOFASILKA4,Kodak A4 Fine Art Silky Paper 210gsm 20 Pack,2,$22.00 
15.05.2023,KOFASILKA4,Kodak A4 Fine Art Silky Paper 210gsm 20 Pack,,$22.00 
22.05.2023,KOFASILKA4,Kodak A4 Fine Art Silky Paper 210gsm 20 Pack,1,
22.05.2023,KOFASILKA4,Kodak A4 Fine Art Silky Paper 210gsm 20 Pack,,
22.05.2023,KOFASILKA4,Kodak A4 Fine Art Silky Paper 210gsm 20 Pack,,
22.05.2023,KOFASILKA4,Kodak A4 Fine Art Silky Paper 210gsm 20 Pack,,
22.05.2023,KOFASILKA4,Kodak A4 Fine Art Silky Paper 210gsm 20 Pack,2,
22.05.2023,KOFASILKA4,Kodak A4 Fine Art Silky Paper 210gsm 20 Pack,2,
22.05.2023,KOFASILKA4,Kodak A4 Fine Art Silky Paper 210gsm 20 Pack,,
29.05.2023,KOFASILKA4,Kodak A4 Fine Art Silky Paper 210gsm 20 Pack,1,
29.05.2023,KOFASILKA4,Kodak A4 Fine Art Silky Paper 210gsm 20 Pack,,
29.05.2023,KOFASILKA4,Kodak A4 Fine Art Silky Paper 210gsm 20 Pack,,
29.05.2023,KOFASILKA4,Kodak A4 Fine Art Silky Paper 210gsm 20 Pack,,
29.05.2023,KOFASILKA4,Kodak A4 Fine Art Silky Paper 210gsm 20 Pack,2,
29.05.2023,KOFASILKA4,Kodak A4 Fine Art Silky Paper 210gsm 20 Pack,2,
29.05.2023,KOFASILKA4,Kodak A4 Fine Art Silky Paper 210gsm 20 Pack,,
05.06.2023,KOFASILKA4,Kodak A4 Fine Art Silky Paper 210gsm 20 Pack,1,
05.06.2023,KOFASILKA4,Kodak A4 Fine Art Silky Paper 210gsm 20 Pack,,
05.06.2023,KOFASILKA4,Kodak A4 Fine Art Silky Paper 210gsm 20 Pack,,
05.06.2023,KOFASILKA4,Kodak A4 Fine Art Silky Paper 210gsm 20 Pack,,
05.06.2023,KOFASILKA4,Kodak A4 Fine Art Silky Paper 210gsm 20 Pack,2,
05.06.2023,KOFASILKA4,Kodak A4 Fine Art Silky Paper 210gsm 20 Pack,2,
05.06.2023,KOFASILKA4,Kodak A4 Fine Art Silky Paper 210gsm 20 Pack,,
12.06.2023,KOFASILKA4,Kodak A4 Fine Art Silky Paper 210gsm 20 Pack,1,$44.00 
12.06.2023,KOFASILKA4,Kodak A4 Fine Art Silky Paper 210gsm 20 Pack,,$44.00 
12.06.2023,KOFASILKA4,Kodak A4 Fine Art Silky Paper 210gsm 20 Pack,,$44.00 
12.06.2023,KOFASILKA4,Kodak A4 Fine Art Silky Paper 210gsm 20 Pack,,$44.00 
12.06.2023,KOFASILKA4,Kodak A4 Fine Art Silky Paper 210gsm 20 Pack,2,$44.00 
12.06.2023,KOFASILKA4,Kodak A4 Fine Art Silky Paper 210gsm 20 Pack,2,$44.00 
12.06.2023,KOFASILKA4,Kodak A4 Fine Art Silky Paper 210gsm 20 Pack,,$44.00 
19.06.2023,KOFASILKA4,Kodak A4 Fine Art Silky Paper 210gsm 20 Pack,1,$44.00 
19.06.2023,KOFASILKA4,Kodak A4 Fine Art Silky Paper 210gsm 20 Pack,,$44.00 
19.06.2023,KOFASILKA4,Kodak A4 Fine Art Silky Paper 210gsm 20 Pack,,$44.00 
19.06.2023,KOFASILKA4,Kodak A4 Fine Art Silky Paper 210gsm 20 Pack,,$44.00 
19.06.2023,KOFASILKA4,Kodak A4 Fine Art Silky Paper 210gsm 20 Pack,2,$44.00 
19.06.2023,KOFASILKA4,Kodak A4 Fine Art Silky Paper 210gsm 20 Pack,2,$44.00 
19.06.2023,KOFASILKA4,Kodak A4 Fine Art Silky Paper 210gsm 20 Pack,,$44.00 
26.06.2023,KOFASILKA4,Kodak A4 Fine Art Silky Paper 210gsm 20 Pack,1,
26.06.2023,KOFASILKA4,Kodak A4 Fine Art Silky Paper 210gsm 20 Pack,,
26.06.2023,KOFASILKA4,Kodak A4 Fine Art Silky Paper 210gsm 20 Pack,,
26.06.2023,KOFASILKA4,Kodak A4 Fine Art Silky Paper 210gsm 20 Pack,,
26.06.2023,KOFASILKA4,Kodak A4 Fine Art Silky Paper 210gsm 20 Pack,2,
26.06.2023,KOFASILKA4,Kodak A4 Fine Art Silky Paper 210gsm 20 Pack,2,
26.06.2023,KOFASILKA4,Kodak A4 Fine Art Silky Paper 210gsm 20 Pack,,
15.05.2023,KOGPHSTK10,Kodak A4 Photo Sticker Paper Gloss 10 Sheets,140,"$1,533.00 "
15.05.2023,KOGPHSTK10,Kodak A4 Photo Sticker Paper Gloss 10 Sheets,132,"$1,533.00 "
15.05.2023,KOGPHSTK10,Kodak A4 Photo Sticker Paper Gloss 10 Sheets,125,"$1,533.00 "
15.05.2023,KOGPHSTK10,Kodak A4 Photo Sticker Paper Gloss 10 Sheets,140,"$1,533.00 "
15.05.2023,KOGPHSTK10,Kodak A4 Photo Sticker Paper Gloss 10 Sheets,108,"$1,533.00 "
15.05.2023,KOGPHSTK10,Kodak A4 Photo Sticker Paper Gloss 10 Sheets,109,"$1,533.00 "
15.05.2023,KOGPHSTK10,Kodak A4 Photo Sticker Paper Gloss 10 Sheets,141,"$1,533.00 "
22.05.2023,KOGPHSTK10,Kodak A4 Photo Sticker Paper Gloss 10 Sheets,140,"$1,447.00 "
22.05.2023,KOGPHSTK10,Kodak A4 Photo Sticker Paper Gloss 10 Sheets,132,"$1,447.00 "
22.05.2023,KOGPHSTK10,Kodak A4 Photo Sticker Paper Gloss 10 Sheets,125,"$1,447.00 "
22.05.2023,KOGPHSTK10,Kodak A4 Photo Sticker Paper Gloss 10 Sheets,140,"$1,447.00 "
22.05.2023,KOGPHSTK10,Kodak A4 Photo Sticker Paper Gloss 10 Sheets,108,"$1,447.00 "
22.05.2023,KOGPHSTK10,Kodak A4 Photo Sticker Paper Gloss 10 Sheets,109,"$1,447.00 "
22.05.2023,KOGPHSTK10,Kodak A4 Photo Sticker Paper Gloss 10 Sheets,141,"$1,447.00 "
29.05.2023,KOGPHSTK10,Kodak A4 Photo Sticker Paper Gloss 10 Sheets,140,"$1,371.00 "
29.05.2023,KOGPHSTK10,Kodak A4 Photo Sticker Paper Gloss 10 Sheets,132,"$1,371.00 "
29.05.2023,KOGPHSTK10,Kodak A4 Photo Sticker Paper Gloss 10 Sheets,125,"$1,371.00 "
29.05.2023,KOGPHSTK10,Kodak A4 Photo Sticker Paper Gloss 10 Sheets,140,"$1,371.00 "
29.05.2023,KOGPHSTK10,Kodak A4 Photo Sticker Paper Gloss 10 Sheets,108,"$1,371.00 "
29.05.2023,KOGPHSTK10,Kodak A4 Photo Sticker Paper Gloss 10 Sheets,109,"$1,371.00 "
29.05.2023,KOGPHSTK10,Kodak A4 Photo Sticker Paper Gloss 10 Sheets,141,"$1,371.00 "
05.06.2023,KOGPHSTK10,Kodak A4 Photo Sticker Paper Gloss 10 Sheets,140,"$1,534.00 "
05.06.2023,KOGPHSTK10,Kodak A4 Photo Sticker Paper Gloss 10 Sheets,132,"$1,534.00 "
05.06.2023,KOGPHSTK10,Kodak A4 Photo Sticker Paper Gloss 10 Sheets,125,"$1,534.00 "
05.06.2023,KOGPHSTK10,Kodak A4 Photo Sticker Paper Gloss 10 Sheets,140,"$1,534.00 "
05.06.2023,KOGPHSTK10,Kodak A4 Photo Sticker Paper Gloss 10 Sheets,108,"$1,534.00 "
05.06.2023,KOGPHSTK10,Kodak A4 Photo Sticker Paper Gloss 10 Sheets,109,"$1,534.00 "
05.06.2023,KOGPHSTK10,Kodak A4 Photo Sticker Paper Gloss 10 Sheets,141,"$1,534.00 "
12.06.2023,KOGPHSTK10,Kodak A4 Photo Sticker Paper Gloss 10 Sheets,140,"$1,184.00 "
12.06.2023,KOGPHSTK10,Kodak A4 Photo Sticker Paper Gloss 10 Sheets,132,"$1,184.00 "
12.06.2023,KOGPHSTK10,Kodak A4 Photo Sticker Paper Gloss 10 Sheets,125,"$1,184.00 "
12.06.2023,KOGPHSTK10,Kodak A4 Photo Sticker Paper Gloss 10 Sheets,140,"$1,184.00 "
12.06.2023,KOGPHSTK10,Kodak A4 Photo Sticker Paper Gloss 10 Sheets,108,"$1,184.00 "
12.06.2023,KOGPHSTK10,Kodak A4 Photo Sticker Paper Gloss 10 Sheets,109,"$1,184.00 "
12.06.2023,KOGPHSTK10,Kodak A4 Photo Sticker Paper Gloss 10 Sheets,141,"$1,184.00 "
19.06.2023,KOGPHSTK10,Kodak A4 Photo Sticker Paper Gloss 10 Sheets,140,"$1,192.00 "
19.06.2023,KOGPHSTK10,Kodak A4 Photo Sticker Paper Gloss 10 Sheets,132,"$1,192.00 "
19.06.2023,KOGPHSTK10,Kodak A4 Photo Sticker Paper Gloss 10 Sheets,125,"$1,192.00 "
19.06.2023,KOGPHSTK10,Kodak A4 Photo Sticker Paper Gloss 10 Sheets,140,"$1,192.00 "
19.06.2023,KOGPHSTK10,Kodak A4 Photo Sticker Paper Gloss 10 Sheets,108,"$1,192.00 "
19.06.2023,KOGPHSTK10,Kodak A4 Photo Sticker Paper Gloss 10 Sheets,109,"$1,192.00 "
19.06.2023,KOGPHSTK10,Kodak A4 Photo Sticker Paper Gloss 10 Sheets,141,"$1,192.00 "
26.06.2023,KOGPHSTK10,Kodak A4 Photo Sticker Paper Gloss 10 Sheets,140,"$1,548.00 "
26.06.2023,KOGPHSTK10,Kodak A4 Photo Sticker Paper Gloss 10 Sheets,132,"$1,548.00 "
26.06.2023,KOGPHSTK10,Kodak A4 Photo Sticker Paper Gloss 10 Sheets,125,"$1,548.00 "
26.06.2023,KOGPHSTK10,Kodak A4 Photo Sticker Paper Gloss 10 Sheets,140,"$1,548.00 "
26.06.2023,KOGPHSTK10,Kodak A4 Photo Sticker Paper Gloss 10 Sheets,108,"$1,548.00 "
26.06.2023,KOGPHSTK10,Kodak A4 Photo Sticker Paper Gloss 10 Sheets,109,"$1,548.00 "
26.06.2023,KOGPHSTK10,Kodak A4 Photo Sticker Paper Gloss 10 Sheets,141,"$1,548.00 "
15.05.2023,KOMAGN64,"Kodak 6 x 4"" Magnetic Photo Paper 650gsm 5 Pack",9,$256.00 
15.05.2023,KOMAGN64,"Kodak 6 x 4"" Magnetic Photo Paper 650gsm 5 Pack",6,$256.00 
15.05.2023,KOMAGN64,"Kodak 6 x 4"" Magnetic Photo Paper 650gsm 5 Pack",6,$256.00 
15.05.2023,KOMAGN64,"Kodak 6 x 4"" Magnetic Photo Paper 650gsm 5 Pack",7,$256.00 
15.05.2023,KOMAGN64,"Kodak 6 x 4"" Magnetic Photo Paper 650gsm 5 Pack",9,$256.00 
15.05.2023,KOMAGN64,"Kodak 6 x 4"" Magnetic Photo Paper 650gsm 5 Pack",18,$256.00 
15.05.2023,KOMAGN64,"Kodak 6 x 4"" Magnetic Photo Paper 650gsm 5 Pack",16,$256.00 
22.05.2023,KOMAGN64,"Kodak 6 x 4"" Magnetic Photo Paper 650gsm 5 Pack",9,$171.00 
22.05.2023,KOMAGN64,"Kodak 6 x 4"" Magnetic Photo Paper 650gsm 5 Pack",6,$171.00 
22.05.2023,KOMAGN64,"Kodak 6 x 4"" Magnetic Photo Paper 650gsm 5 Pack",6,$171.00 
22.05.2023,KOMAGN64,"Kodak 6 x 4"" Magnetic Photo Paper 650gsm 5 Pack",7,$171.00 
22.05.2023,KOMAGN64,"Kodak 6 x 4"" Magnetic Photo Paper 650gsm 5 Pack",9,$171.00 
22.05.2023,KOMAGN64,"Kodak 6 x 4"" Magnetic Photo Paper 650gsm 5 Pack",18,$171.00 
22.05.2023,KOMAGN64,"Kodak 6 x 4"" Magnetic Photo Paper 650gsm 5 Pack",16,$171.00 
29.05.2023,KOMAGN64,"Kodak 6 x 4"" Magnetic Photo Paper 650gsm 5 Pack",9,$171.00 
29.05.2023,KOMAGN64,"Kodak 6 x 4"" Magnetic Photo Paper 650gsm 5 Pack",6,$171.00 
29.05.2023,KOMAGN64,"Kodak 6 x 4"" Magnetic Photo Paper 650gsm 5 Pack",6,$171.00 
29.05.2023,KOMAGN64,"Kodak 6 x 4"" Magnetic Photo Paper 650gsm 5 Pack",7,$171.00 
29.05.2023,KOMAGN64,"Kodak 6 x 4"" Magnetic Photo Paper 650gsm 5 Pack",9,$171.00 
29.05.2023,KOMAGN64,"Kodak 6 x 4"" Magnetic Photo Paper 650gsm 5 Pack",18,$171.00 
29.05.2023,KOMAGN64,"Kodak 6 x 4"" Magnetic Photo Paper 650gsm 5 Pack",16,$171.00 
05.06.2023,KOMAGN64,"Kodak 6 x 4"" Magnetic Photo Paper 650gsm 5 Pack",9,$199.00 
05.06.2023,KOMAGN64,"Kodak 6 x 4"" Magnetic Photo Paper 650gsm 5 Pack",6,$199.00 
05.06.2023,KOMAGN64,"Kodak 6 x 4"" Magnetic Photo Paper 650gsm 5 Pack",6,$199.00 
05.06.2023,KOMAGN64,"Kodak 6 x 4"" Magnetic Photo Paper 650gsm 5 Pack",7,$199.00 
05.06.2023,KOMAGN64,"Kodak 6 x 4"" Magnetic Photo Paper 650gsm 5 Pack",9,$199.00 
05.06.2023,KOMAGN64,"Kodak 6 x 4"" Magnetic Photo Paper 650gsm 5 Pack",18,$199.00 
05.06.2023,KOMAGN64,"Kodak 6 x 4"" Magnetic Photo Paper 650gsm 5 Pack",16,$199.00 
12.06.2023,KOMAGN64,"Kodak 6 x 4"" Magnetic Photo Paper 650gsm 5 Pack",9,$256.00 
12.06.2023,KOMAGN64,"Kodak 6 x 4"" Magnetic Photo Paper 650gsm 5 Pack",6,$256.00 
12.06.2023,KOMAGN64,"Kodak 6 x 4"" Magnetic Photo Paper 650gsm 5 Pack",6,$256.00 
12.06.2023,KOMAGN64,"Kodak 6 x 4"" Magnetic Photo Paper 650gsm 5 Pack",7,$256.00 
12.06.2023,KOMAGN64,"Kodak 6 x 4"" Magnetic Photo Paper 650gsm 5 Pack",9,$256.00 
12.06.2023,KOMAGN64,"Kodak 6 x 4"" Magnetic Photo Paper 650gsm 5 Pack",18,$256.00 
12.06.2023,KOMAGN64,"Kodak 6 x 4"" Magnetic Photo Paper 650gsm 5 Pack",16,$256.00 
19.06.2023,KOMAGN64,"Kodak 6 x 4"" Magnetic Photo Paper 650gsm 5 Pack",9,$512.00 
19.06.2023,KOMAGN64,"Kodak 6 x 4"" Magnetic Photo Paper 650gsm 5 Pack",6,$512.00 
19.06.2023,KOMAGN64,"Kodak 6 x 4"" Magnetic Photo Paper 650gsm 5 Pack",6,$512.00 
19.06.2023,KOMAGN64,"Kodak 6 x 4"" Magnetic Photo Paper 650gsm 5 Pack",7,$512.00 
19.06.2023,KOMAGN64,"Kodak 6 x 4"" Magnetic Photo Paper 650gsm 5 Pack",9,$512.00 
19.06.2023,KOMAGN64,"Kodak 6 x 4"" Magnetic Photo Paper 650gsm 5 Pack",18,$512.00 
19.06.2023,KOMAGN64,"Kodak 6 x 4"" Magnetic Photo Paper 650gsm 5 Pack",16,$512.00 
26.06.2023,KOMAGN64,"Kodak 6 x 4"" Magnetic Photo Paper 650gsm 5 Pack",9,$449.00 
26.06.2023,KOMAGN64,"Kodak 6 x 4"" Magnetic Photo Paper 650gsm 5 Pack",6,$449.00 
26.06.2023,KOMAGN64,"Kodak 6 x 4"" Magnetic Photo Paper 650gsm 5 Pack",6,$449.00 
26.06.2023,KOMAGN64,"Kodak 6 x 4"" Magnetic Photo Paper 650gsm 5 Pack",7,$449.00 
26.06.2023,KOMAGN64,"Kodak 6 x 4"" Magnetic Photo Paper 650gsm 5 Pack",9,$449.00 
26.06.2023,KOMAGN64,"Kodak 6 x 4"" Magnetic Photo Paper 650gsm 5 Pack",18,$449.00 
26.06.2023,KOMAGN64,"Kodak 6 x 4"" Magnetic Photo Paper 650gsm 5 Pack",16,$449.00 
15.05.2023,KOMAGNA4,Kodak A4 Magnetic Photo Paper 650gsm 5 Pack,19,$532.00 
15.05.2023,KOMAGNA4,Kodak A4 Magnetic Photo Paper 650gsm 5 Pack,16,$532.00 
15.05.2023,KOMAGNA4,Kodak A4 Magnetic Photo Paper 650gsm 5 Pack,29,$532.00 
15.05.2023,KOMAGNA4,Kodak A4 Magnetic Photo Paper 650gsm 5 Pack,16,$532.00 
15.05.2023,KOMAGNA4,Kodak A4 Magnetic Photo Paper 650gsm 5 Pack,7,$532.00 
15.05.2023,KOMAGNA4,Kodak A4 Magnetic Photo Paper 650gsm 5 Pack,19,$532.00 
15.05.2023,KOMAGNA4,Kodak A4 Magnetic Photo Paper 650gsm 5 Pack,15,$532.00 
22.05.2023,KOMAGNA4,Kodak A4 Magnetic Photo Paper 650gsm 5 Pack,19,$448.00 
22.05.2023,KOMAGNA4,Kodak A4 Magnetic Photo Paper 650gsm 5 Pack,16,$448.00 
22.05.2023,KOMAGNA4,Kodak A4 Magnetic Photo Paper 650gsm 5 Pack,29,$448.00 
22.05.2023,KOMAGNA4,Kodak A4 Magnetic Photo Paper 650gsm 5 Pack,16,$448.00 
22.05.2023,KOMAGNA4,Kodak A4 Magnetic Photo Paper 650gsm 5 Pack,7,$448.00 
22.05.2023,KOMAGNA4,Kodak A4 Magnetic Photo Paper 650gsm 5 Pack,19,$448.00 
22.05.2023,KOMAGNA4,Kodak A4 Magnetic Photo Paper 650gsm 5 Pack,15,$448.00 
29.05.2023,KOMAGNA4,Kodak A4 Magnetic Photo Paper 650gsm 5 Pack,19,$811.00 
29.05.2023,KOMAGNA4,Kodak A4 Magnetic Photo Paper 650gsm 5 Pack,16,$811.00 
29.05.2023,KOMAGNA4,Kodak A4 Magnetic Photo Paper 650gsm 5 Pack,29,$811.00 
29.05.2023,KOMAGNA4,Kodak A4 Magnetic Photo Paper 650gsm 5 Pack,16,$811.00 
29.05.2023,KOMAGNA4,Kodak A4 Magnetic Photo Paper 650gsm 5 Pack,7,$811.00 
29.05.2023,KOMAGNA4,Kodak A4 Magnetic Photo Paper 650gsm 5 Pack,19,$811.00 
29.05.2023,KOMAGNA4,Kodak A4 Magnetic Photo Paper 650gsm 5 Pack,15,$811.00 
05.06.2023,KOMAGNA4,Kodak A4 Magnetic Photo Paper 650gsm 5 Pack,19,$448.00 
05.06.2023,KOMAGNA4,Kodak A4 Magnetic Photo Paper 650gsm 5 Pack,16,$448.00 
05.06.2023,KOMAGNA4,Kodak A4 Magnetic Photo Paper 650gsm 5 Pack,29,$448.00 
05.06.2023,KOMAGNA4,Kodak A4 Magnetic Photo Paper 650gsm 5 Pack,16,$448.00 
05.06.2023,KOMAGNA4,Kodak A4 Magnetic Photo Paper 650gsm 5 Pack,7,$448.00 
05.06.2023,KOMAGNA4,Kodak A4 Magnetic Photo Paper 650gsm 5 Pack,19,$448.00 
05.06.2023,KOMAGNA4,Kodak A4 Magnetic Photo Paper 650gsm 5 Pack,15,$448.00 
12.06.2023,KOMAGNA4,Kodak A4 Magnetic Photo Paper 650gsm 5 Pack,19,$196.00 
12.06.2023,KOMAGNA4,Kodak A4 Magnetic Photo Paper 650gsm 5 Pack,16,$196.00 
12.06.2023,KOMAGNA4,Kodak A4 Magnetic Photo Paper 650gsm 5 Pack,29,$196.00 
12.06.2023,KOMAGNA4,Kodak A4 Magnetic Photo Paper 650gsm 5 Pack,16,$196.00 
12.06.2023,KOMAGNA4,Kodak A4 Magnetic Photo Paper 650gsm 5 Pack,7,$196.00 
12.06.2023,KOMAGNA4,Kodak A4 Magnetic Photo Paper 650gsm 5 Pack,19,$196.00 
12.06.2023,KOMAGNA4,Kodak A4 Magnetic Photo Paper 650gsm 5 Pack,15,$196.00 
19.06.2023,KOMAGNA4,Kodak A4 Magnetic Photo Paper 650gsm 5 Pack,19,$532.00 
19.06.2023,KOMAGNA4,Kodak A4 Magnetic Photo Paper 650gsm 5 Pack,16,$532.00 
19.06.2023,KOMAGNA4,Kodak A4 Magnetic Photo Paper 650gsm 5 Pack,29,$532.00 
19.06.2023,KOMAGNA4,Kodak A4 Magnetic Photo Paper 650gsm 5 Pack,16,$532.00 
19.06.2023,KOMAGNA4,Kodak A4 Magnetic Photo Paper 650gsm 5 Pack,7,$532.00 
19.06.2023,KOMAGNA4,Kodak A4 Magnetic Photo Paper 650gsm 5 Pack,19,$532.00 
19.06.2023,KOMAGNA4,Kodak A4 Magnetic Photo Paper 650gsm 5 Pack,15,$532.00 
26.06.2023,KOMAGNA4,Kodak A4 Magnetic Photo Paper 650gsm 5 Pack,19,$420.00 
26.06.2023,KOMAGNA4,Kodak A4 Magnetic Photo Paper 650gsm 5 Pack,16,$420.00 
26.06.2023,KOMAGNA4,Kodak A4 Magnetic Photo Paper 650gsm 5 Pack,29,$420.00 
26.06.2023,KOMAGNA4,Kodak A4 Magnetic Photo Paper 650gsm 5 Pack,16,$420.00 
26.06.2023,KOMAGNA4,Kodak A4 Magnetic Photo Paper 650gsm 5 Pack,7,$420.00 
26.06.2023,KOMAGNA4,Kodak A4 Magnetic Photo Paper 650gsm 5 Pack,19,$420.00 
26.06.2023,KOMAGNA4,Kodak A4 Magnetic Photo Paper 650gsm 5 Pack,15,$420.00 
15.05.2023,KOPRESUBA4,Kodak Premium Sublimation Paper 100 Pack,42,"$1,260.00 "
15.05.2023,KOPRESUBA4,Kodak Premium Sublimation Paper 100 Pack,58,"$1,260.00 "
15.05.2023,KOPRESUBA4,Kodak Premium Sublimation Paper 100 Pack,48,"$1,260.00 "
15.05.2023,KOPRESUBA4,Kodak Premium Sublimation Paper 100 Pack,49,"$1,260.00 "
15.05.2023,KOPRESUBA4,Kodak Premium Sublimation Paper 100 Pack,42,"$1,260.00 "
15.05.2023,KOPRESUBA4,Kodak Premium Sublimation Paper 100 Pack,46,"$1,260.00 "
15.05.2023,KOPRESUBA4,Kodak Premium Sublimation Paper 100 Pack,56,"$1,260.00 "
22.05.2023,KOPRESUBA4,Kodak Premium Sublimation Paper 100 Pack,42,"$1,739.00 "
22.05.2023,KOPRESUBA4,Kodak Premium Sublimation Paper 100 Pack,58,"$1,739.00 "
22.05.2023,KOPRESUBA4,Kodak Premium Sublimation Paper 100 Pack,48,"$1,739.00 "
22.05.2023,KOPRESUBA4,Kodak Premium Sublimation Paper 100 Pack,49,"$1,739.00 "
22.05.2023,KOPRESUBA4,Kodak Premium Sublimation Paper 100 Pack,42,"$1,739.00 "
22.05.2023,KOPRESUBA4,Kodak Premium Sublimation Paper 100 Pack,46,"$1,739.00 "
22.05.2023,KOPRESUBA4,Kodak Premium Sublimation Paper 100 Pack,56,"$1,739.00 "
29.05.2023,KOPRESUBA4,Kodak Premium Sublimation Paper 100 Pack,42,"$1,440.00 "
29.05.2023,KOPRESUBA4,Kodak Premium Sublimation Paper 100 Pack,58,"$1,440.00 "
29.05.2023,KOPRESUBA4,Kodak Premium Sublimation Paper 100 Pack,48,"$1,440.00 "
29.05.2023,KOPRESUBA4,Kodak Premium Sublimation Paper 100 Pack,49,"$1,440.00 "
29.05.2023,KOPRESUBA4,Kodak Premium Sublimation Paper 100 Pack,42,"$1,440.00 "
29.05.2023,KOPRESUBA4,Kodak Premium Sublimation Paper 100 Pack,46,"$1,440.00 "
29.05.2023,KOPRESUBA4,Kodak Premium Sublimation Paper 100 Pack,56,"$1,440.00 "
05.06.2023,KOPRESUBA4,Kodak Premium Sublimation Paper 100 Pack,42,"$1,469.00 "
05.06.2023,KOPRESUBA4,Kodak Premium Sublimation Paper 100 Pack,58,"$1,469.00 "
05.06.2023,KOPRESUBA4,Kodak Premium Sublimation Paper 100 Pack,48,"$1,469.00 "
05.06.2023,KOPRESUBA4,Kodak Premium Sublimation Paper 100 Pack,49,"$1,469.00 "
05.06.2023,KOPRESUBA4,Kodak Premium Sublimation Paper 100 Pack,42,"$1,469.00 "
05.06.2023,KOPRESUBA4,Kodak Premium Sublimation Paper 100 Pack,46,"$1,469.00 "
05.06.2023,KOPRESUBA4,Kodak Premium Sublimation Paper 100 Pack,56,"$1,469.00 "
12.06.2023,KOPRESUBA4,Kodak Premium Sublimation Paper 100 Pack,42,"$1,259.00 "
12.06.2023,KOPRESUBA4,Kodak Premium Sublimation Paper 100 Pack,58,"$1,259.00 "
12.06.2023,KOPRESUBA4,Kodak Premium Sublimation Paper 100 Pack,48,"$1,259.00 "
12.06.2023,KOPRESUBA4,Kodak Premium Sublimation Paper 100 Pack,49,"$1,259.00 "
12.06.2023,KOPRESUBA4,Kodak Premium Sublimation Paper 100 Pack,42,"$1,259.00 "
12.06.2023,KOPRESUBA4,Kodak Premium Sublimation Paper 100 Pack,46,"$1,259.00 "
12.06.2023,KOPRESUBA4,Kodak Premium Sublimation Paper 100 Pack,56,"$1,259.00 "
19.06.2023,KOPRESUBA4,Kodak Premium Sublimation Paper 100 Pack,42,"$1,379.00 "
19.06.2023,KOPRESUBA4,Kodak Premium Sublimation Paper 100 Pack,58,"$1,379.00 "
19.06.2023,KOPRESUBA4,Kodak Premium Sublimation Paper 100 Pack,48,"$1,379.00 "
19.06.2023,KOPRESUBA4,Kodak Premium Sublimation Paper 100 Pack,49,"$1,379.00 "
19.06.2023,KOPRESUBA4,Kodak Premium Sublimation Paper 100 Pack,42,"$1,379.00 "
19.06.2023,KOPRESUBA4,Kodak Premium Sublimation Paper 100 Pack,46,"$1,379.00 "
19.06.2023,KOPRESUBA4,Kodak Premium Sublimation Paper 100 Pack,56,"$1,379.00 "
26.06.2023,KOPRESUBA4,Kodak Premium Sublimation Paper 100 Pack,42,"$1,674.00 "
26.06.2023,KOPRESUBA4,Kodak Premium Sublimation Paper 100 Pack,58,"$1,674.00 "
26.06.2023,KOPRESUBA4,Kodak Premium Sublimation Paper 100 Pack,48,"$1,674.00 "
26.06.2023,KOPRESUBA4,Kodak Premium Sublimation Paper 100 Pack,49,"$1,674.00 "
26.06.2023,KOPRESUBA4,Kodak Premium Sublimation Paper 100 Pack,42,"$1,674.00 "
26.06.2023,KOPRESUBA4,Kodak Premium Sublimation Paper 100 Pack,46,"$1,674.00 "
26.06.2023,KOPRESUBA4,Kodak Premium Sublimation Paper 100 Pack,56,"$1,674.00 "
15.05.2023,KOSTKMATA4,Kodak Sticker Paper Matte 100 Pack,74,"$2,651.00 "
15.05.2023,KOSTKMATA4,Kodak Sticker Paper Matte 100 Pack,96,"$2,651.00 "
15.05.2023,KOSTKMATA4,Kodak Sticker Paper Matte 100 Pack,101,"$2,651.00 "
15.05.2023,KOSTKMATA4,Kodak Sticker Paper Matte 100 Pack,73,"$2,651.00 "
15.05.2023,KOSTKMATA4,Kodak Sticker Paper Matte 100 Pack,86,"$2,651.00 "
15.05.2023,KOSTKMATA4,Kodak Sticker Paper Matte 100 Pack,82,"$2,651.00 "
15.05.2023,KOSTKMATA4,Kodak Sticker Paper Matte 100 Pack,108,"$2,651.00 "
22.05.2023,KOSTKMATA4,Kodak Sticker Paper Matte 100 Pack,74,"$3,431.00 "
22.05.2023,KOSTKMATA4,Kodak Sticker Paper Matte 100 Pack,96,"$3,431.00 "
22.05.2023,KOSTKMATA4,Kodak Sticker Paper Matte 100 Pack,101,"$3,431.00 "
22.05.2023,KOSTKMATA4,Kodak Sticker Paper Matte 100 Pack,73,"$3,431.00 "
22.05.2023,KOSTKMATA4,Kodak Sticker Paper Matte 100 Pack,86,"$3,431.00 "
22.05.2023,KOSTKMATA4,Kodak Sticker Paper Matte 100 Pack,82,"$3,431.00 "
22.05.2023,KOSTKMATA4,Kodak Sticker Paper Matte 100 Pack,108,"$3,431.00 "
29.05.2023,KOSTKMATA4,Kodak Sticker Paper Matte 100 Pack,74,"$3,630.00 "
29.05.2023,KOSTKMATA4,Kodak Sticker Paper Matte 100 Pack,96,"$3,630.00 "
29.05.2023,KOSTKMATA4,Kodak Sticker Paper Matte 100 Pack,101,"$3,630.00 "
29.05.2023,KOSTKMATA4,Kodak Sticker Paper Matte 100 Pack,73,"$3,630.00 "
29.05.2023,KOSTKMATA4,Kodak Sticker Paper Matte 100 Pack,86,"$3,630.00 "
29.05.2023,KOSTKMATA4,Kodak Sticker Paper Matte 100 Pack,82,"$3,630.00 "
29.05.2023,KOSTKMATA4,Kodak Sticker Paper Matte 100 Pack,108,"$3,630.00 "
05.06.2023,KOSTKMATA4,Kodak Sticker Paper Matte 100 Pack,74,"$2,621.00 "
05.06.2023,KOSTKMATA4,Kodak Sticker Paper Matte 100 Pack,96,"$2,621.00 "
05.06.2023,KOSTKMATA4,Kodak Sticker Paper Matte 100 Pack,101,"$2,621.00 "
05.06.2023,KOSTKMATA4,Kodak Sticker Paper Matte 100 Pack,73,"$2,621.00 "
05.06.2023,KOSTKMATA4,Kodak Sticker Paper Matte 100 Pack,86,"$2,621.00 "
05.06.2023,KOSTKMATA4,Kodak Sticker Paper Matte 100 Pack,82,"$2,621.00 "
05.06.2023,KOSTKMATA4,Kodak Sticker Paper Matte 100 Pack,108,"$2,621.00 "
12.06.2023,KOSTKMATA4,Kodak Sticker Paper Matte 100 Pack,74,"$3,078.00 "
12.06.2023,KOSTKMATA4,Kodak Sticker Paper Matte 100 Pack,96,"$3,078.00 "
12.06.2023,KOSTKMATA4,Kodak Sticker Paper Matte 100 Pack,101,"$3,078.00 "
12.06.2023,KOSTKMATA4,Kodak Sticker Paper Matte 100 Pack,73,"$3,078.00 "
12.06.2023,KOSTKMATA4,Kodak Sticker Paper Matte 100 Pack,86,"$3,078.00 "
12.06.2023,KOSTKMATA4,Kodak Sticker Paper Matte 100 Pack,82,"$3,078.00 "
12.06.2023,KOSTKMATA4,Kodak Sticker Paper Matte 100 Pack,108,"$3,078.00 "
19.06.2023,KOSTKMATA4,Kodak Sticker Paper Matte 100 Pack,74,"$2,941.00 "
19.06.2023,KOSTKMATA4,Kodak Sticker Paper Matte 100 Pack,96,"$2,941.00 "
19.06.2023,KOSTKMATA4,Kodak Sticker Paper Matte 100 Pack,101,"$2,941.00 "
19.06.2023,KOSTKMATA4,Kodak Sticker Paper Matte 100 Pack,73,"$2,941.00 "
19.06.2023,KOSTKMATA4,Kodak Sticker Paper Matte 100 Pack,86,"$2,941.00 "
19.06.2023,KOSTKMATA4,Kodak Sticker Paper Matte 100 Pack,82,"$2,941.00 "
19.06.2023,KOSTKMATA4,Kodak Sticker Paper Matte 100 Pack,108,"$2,941.00 "
26.06.2023,KOSTKMATA4,Kodak Sticker Paper Matte 100 Pack,74,"$3,872.00 "
26.06.2023,KOSTKMATA4,Kodak Sticker Paper Matte 100 Pack,96,"$3,872.00 "
26.06.2023,KOSTKMATA4,Kodak Sticker Paper Matte 100 Pack,101,"$3,872.00 "
26.06.2023,KOSTKMATA4,Kodak Sticker Paper Matte 100 Pack,73,"$3,872.00 "
26.06.2023,KOSTKMATA4,Kodak Sticker Paper Matte 100 Pack,86,"$3,872.00 "
26.06.2023,KOSTKMATA4,Kodak Sticker Paper Matte 100 Pack,82,"$3,872.00 "
26.06.2023,KOSTKMATA4,Kodak Sticker Paper Matte 100 Pack,108,"$3,872.00 "
15.05.2023,KOSTKPA4G,Kodak A4 Sticker Paper Gloss 100 Pack,120,"$4,307.00 "
15.05.2023,KOSTKPA4G,Kodak A4 Sticker Paper Gloss 100 Pack,115,"$4,307.00 "
15.05.2023,KOSTKPA4G,Kodak A4 Sticker Paper Gloss 100 Pack,108,"$4,307.00 "
15.05.2023,KOSTKPA4G,Kodak A4 Sticker Paper Gloss 100 Pack,89,"$4,307.00 "
15.05.2023,KOSTKPA4G,Kodak A4 Sticker Paper Gloss 100 Pack,76,"$4,307.00 "
15.05.2023,KOSTKPA4G,Kodak A4 Sticker Paper Gloss 100 Pack,99,"$4,307.00 "
15.05.2023,KOSTKPA4G,Kodak A4 Sticker Paper Gloss 100 Pack,107,"$4,307.00 "
22.05.2023,KOSTKPA4G,Kodak A4 Sticker Paper Gloss 100 Pack,120,"$4,138.00 "
22.05.2023,KOSTKPA4G,Kodak A4 Sticker Paper Gloss 100 Pack,115,"$4,138.00 "
22.05.2023,KOSTKPA4G,Kodak A4 Sticker Paper Gloss 100 Pack,108,"$4,138.00 "
22.05.2023,KOSTKPA4G,Kodak A4 Sticker Paper Gloss 100 Pack,89,"$4,138.00 "
22.05.2023,KOSTKPA4G,Kodak A4 Sticker Paper Gloss 100 Pack,76,"$4,138.00 "
22.05.2023,KOSTKPA4G,Kodak A4 Sticker Paper Gloss 100 Pack,99,"$4,138.00 "
22.05.2023,KOSTKPA4G,Kodak A4 Sticker Paper Gloss 100 Pack,107,"$4,138.00 "
29.05.2023,KOSTKPA4G,Kodak A4 Sticker Paper Gloss 100 Pack,120,"$3,880.00 "
29.05.2023,KOSTKPA4G,Kodak A4 Sticker Paper Gloss 100 Pack,115,"$3,880.00 "
29.05.2023,KOSTKPA4G,Kodak A4 Sticker Paper Gloss 100 Pack,108,"$3,880.00 "
29.05.2023,KOSTKPA4G,Kodak A4 Sticker Paper Gloss 100 Pack,89,"$3,880.00 "
29.05.2023,KOSTKPA4G,Kodak A4 Sticker Paper Gloss 100 Pack,76,"$3,880.00 "
29.05.2023,KOSTKPA4G,Kodak A4 Sticker Paper Gloss 100 Pack,99,"$3,880.00 "
29.05.2023,KOSTKPA4G,Kodak A4 Sticker Paper Gloss 100 Pack,107,"$3,880.00 "
05.06.2023,KOSTKPA4G,Kodak A4 Sticker Paper Gloss 100 Pack,120,"$3,191.00 "
05.06.2023,KOSTKPA4G,Kodak A4 Sticker Paper Gloss 100 Pack,115,"$3,191.00 "
05.06.2023,KOSTKPA4G,Kodak A4 Sticker Paper Gloss 100 Pack,108,"$3,191.00 "
05.06.2023,KOSTKPA4G,Kodak A4 Sticker Paper Gloss 100 Pack,89,"$3,191.00 "
05.06.2023,KOSTKPA4G,Kodak A4 Sticker Paper Gloss 100 Pack,76,"$3,191.00 "
05.06.2023,KOSTKPA4G,Kodak A4 Sticker Paper Gloss 100 Pack,99,"$3,191.00 "
05.06.2023,KOSTKPA4G,Kodak A4 Sticker Paper Gloss 100 Pack,107,"$3,191.00 "
12.06.2023,KOSTKPA4G,Kodak A4 Sticker Paper Gloss 100 Pack,120,"$2,734.00 "
12.06.2023,KOSTKPA4G,Kodak A4 Sticker Paper Gloss 100 Pack,115,"$2,734.00 "
12.06.2023,KOSTKPA4G,Kodak A4 Sticker Paper Gloss 100 Pack,108,"$2,734.00 "
12.06.2023,KOSTKPA4G,Kodak A4 Sticker Paper Gloss 100 Pack,89,"$2,734.00 "
12.06.2023,KOSTKPA4G,Kodak A4 Sticker Paper Gloss 100 Pack,76,"$2,734.00 "
12.06.2023,KOSTKPA4G,Kodak A4 Sticker Paper Gloss 100 Pack,99,"$2,734.00 "
12.06.2023,KOSTKPA4G,Kodak A4 Sticker Paper Gloss 100 Pack,107,"$2,734.00 "
19.06.2023,KOSTKPA4G,Kodak A4 Sticker Paper Gloss 100 Pack,120,"$3,524.00 "
19.06.2023,KOSTKPA4G,Kodak A4 Sticker Paper Gloss 100 Pack,115,"$3,524.00 "
19.06.2023,KOSTKPA4G,Kodak A4 Sticker Paper Gloss 100 Pack,108,"$3,524.00 "
19.06.2023,KOSTKPA4G,Kodak A4 Sticker Paper Gloss 100 Pack,89,"$3,524.00 "
19.06.2023,KOSTKPA4G,Kodak A4 Sticker Paper Gloss 100 Pack,76,"$3,524.00 "
19.06.2023,KOSTKPA4G,Kodak A4 Sticker Paper Gloss 100 Pack,99,"$3,524.00 "
19.06.2023,KOSTKPA4G,Kodak A4 Sticker Paper Gloss 100 Pack,107,"$3,524.00 "
26.06.2023,KOSTKPA4G,Kodak A4 Sticker Paper Gloss 100 Pack,120,"$3,798.00 "
26.06.2023,KOSTKPA4G,Kodak A4 Sticker Paper Gloss 100 Pack,115,"$3,798.00 "
26.06.2023,KOSTKPA4G,Kodak A4 Sticker Paper Gloss 100 Pack,108,"$3,798.00 "
26.06.2023,KOSTKPA4G,Kodak A4 Sticker Paper Gloss 100 Pack,89,"$3,798.00 "
26.06.2023,KOSTKPA4G,Kodak A4 Sticker Paper Gloss 100 Pack,76,"$3,798.00 "
26.06.2023,KOSTKPA4G,Kodak A4 Sticker Paper Gloss 100 Pack,99,"$3,798.00 "
26.06.2023,KOSTKPA4G,Kodak A4 Sticker Paper Gloss 100 Pack,107,"$3,798.00 "
15.05.2023,KOTRANDRK,Kodak Dark T-Shirt Iron-on Transfers 5 Pack,58,"$1,449.00 "
15.05.2023,KOTRANDRK,Kodak Dark T-Shirt Iron-on Transfers 5 Pack,55,"$1,449.00 "
15.05.2023,KOTRANDRK,Kodak Dark T-Shirt Iron-on Transfers 5 Pack,65,"$1,449.00 "
15.05.2023,KOTRANDRK,Kodak Dark T-Shirt Iron-on Transfers 5 Pack,74,"$1,449.00 "
15.05.2023,KOTRANDRK,Kodak Dark T-Shirt Iron-on Transfers 5 Pack,76,"$1,449.00 "
15.05.2023,KOTRANDRK,Kodak Dark T-Shirt Iron-on Transfers 5 Pack,49,"$1,449.00 "
15.05.2023,KOTRANDRK,Kodak Dark T-Shirt Iron-on Transfers 5 Pack,76,"$1,449.00 "
22.05.2023,KOTRANDRK,Kodak Dark T-Shirt Iron-on Transfers 5 Pack,58,"$1,373.00 "
22.05.2023,KOTRANDRK,Kodak Dark T-Shirt Iron-on Transfers 5 Pack,55,"$1,373.00 "
22.05.2023,KOTRANDRK,Kodak Dark T-Shirt Iron-on Transfers 5 Pack,65,"$1,373.00 "
22.05.2023,KOTRANDRK,Kodak Dark T-Shirt Iron-on Transfers 5 Pack,74,"$1,373.00 "
22.05.2023,KOTRANDRK,Kodak Dark T-Shirt Iron-on Transfers 5 Pack,76,"$1,373.00 "
22.05.2023,KOTRANDRK,Kodak Dark T-Shirt Iron-on Transfers 5 Pack,49,"$1,373.00 "
22.05.2023,KOTRANDRK,Kodak Dark T-Shirt Iron-on Transfers 5 Pack,76,"$1,373.00 "
29.05.2023,KOTRANDRK,Kodak Dark T-Shirt Iron-on Transfers 5 Pack,58,"$1,619.00 "
29.05.2023,KOTRANDRK,Kodak Dark T-Shirt Iron-on Transfers 5 Pack,55,"$1,619.00 "
29.05.2023,KOTRANDRK,Kodak Dark T-Shirt Iron-on Transfers 5 Pack,65,"$1,619.00 "
29.05.2023,KOTRANDRK,Kodak Dark T-Shirt Iron-on Transfers 5 Pack,74,"$1,619.00 "
29.05.2023,KOTRANDRK,Kodak Dark T-Shirt Iron-on Transfers 5 Pack,76,"$1,619.00 "
29.05.2023,KOTRANDRK,Kodak Dark T-Shirt Iron-on Transfers 5 Pack,49,"$1,619.00 "
29.05.2023,KOTRANDRK,Kodak Dark T-Shirt Iron-on Transfers 5 Pack,76,"$1,619.00 "
05.06.2023,KOTRANDRK,Kodak Dark T-Shirt Iron-on Transfers 5 Pack,58,"$1,840.00 "
05.06.2023,KOTRANDRK,Kodak Dark T-Shirt Iron-on Transfers 5 Pack,55,"$1,840.00 "
05.06.2023,KOTRANDRK,Kodak Dark T-Shirt Iron-on Transfers 5 Pack,65,"$1,840.00 "
05.06.2023,KOTRANDRK,Kodak Dark T-Shirt Iron-on Transfers 5 Pack,74,"$1,840.00 "
05.06.2023,KOTRANDRK,Kodak Dark T-Shirt Iron-on Transfers 5 Pack,76,"$1,840.00 "
05.06.2023,KOTRANDRK,Kodak Dark T-Shirt Iron-on Transfers 5 Pack,49,"$1,840.00 "
05.06.2023,KOTRANDRK,Kodak Dark T-Shirt Iron-on Transfers 5 Pack,76,"$1,840.00 "
12.06.2023,KOTRANDRK,Kodak Dark T-Shirt Iron-on Transfers 5 Pack,58,"$1,886.00 "
12.06.2023,KOTRANDRK,Kodak Dark T-Shirt Iron-on Transfers 5 Pack,55,"$1,886.00 "
12.06.2023,KOTRANDRK,Kodak Dark T-Shirt Iron-on Transfers 5 Pack,65,"$1,886.00 "
12.06.2023,KOTRANDRK,Kodak Dark T-Shirt Iron-on Transfers 5 Pack,74,"$1,886.00 "
12.06.2023,KOTRANDRK,Kodak Dark T-Shirt Iron-on Transfers 5 Pack,76,"$1,886.00 "
12.06.2023,KOTRANDRK,Kodak Dark T-Shirt Iron-on Transfers 5 Pack,49,"$1,886.00 "
12.06.2023,KOTRANDRK,Kodak Dark T-Shirt Iron-on Transfers 5 Pack,76,"$1,886.00 "
19.06.2023,KOTRANDRK,Kodak Dark T-Shirt Iron-on Transfers 5 Pack,58,"$1,218.00 "
19.06.2023,KOTRANDRK,Kodak Dark T-Shirt Iron-on Transfers 5 Pack,55,"$1,218.00 "
19.06.2023,KOTRANDRK,Kodak Dark T-Shirt Iron-on Transfers 5 Pack,65,"$1,218.00 "
19.06.2023,KOTRANDRK,Kodak Dark T-Shirt Iron-on Transfers 5 Pack,74,"$1,218.00 "
19.06.2023,KOTRANDRK,Kodak Dark T-Shirt Iron-on Transfers 5 Pack,76,"$1,218.00 "
19.06.2023,KOTRANDRK,Kodak Dark T-Shirt Iron-on Transfers 5 Pack,49,"$1,218.00 "
19.06.2023,KOTRANDRK,Kodak Dark T-Shirt Iron-on Transfers 5 Pack,76,"$1,218.00 "
26.06.2023,KOTRANDRK,Kodak Dark T-Shirt Iron-on Transfers 5 Pack,58,"$1,897.00 "
26.06.2023,KOTRANDRK,Kodak Dark T-Shirt Iron-on Transfers 5 Pack,55,"$1,897.00 "
26.06.2023,KOTRANDRK,Kodak Dark T-Shirt Iron-on Transfers 5 Pack,65,"$1,897.00 "
26.06.2023,KOTRANDRK,Kodak Dark T-Shirt Iron-on Transfers 5 Pack,74,"$1,897.00 "
26.06.2023,KOTRANDRK,Kodak Dark T-Shirt Iron-on Transfers 5 Pack,76,"$1,897.00 "
26.06.2023,KOTRANDRK,Kodak Dark T-Shirt Iron-on Transfers 5 Pack,49,"$1,897.00 "
26.06.2023,KOTRANDRK,Kodak Dark T-Shirt Iron-on Transfers 5 Pack,76,"$1,897.00 "
15.05.2023,KOTRANLGT,Kodak Light T-Shirt Iron-on Transfers 5 Pack,61,"$1,511.00 "
15.05.2023,KOTRANLGT,Kodak Light T-Shirt Iron-on Transfers 5 Pack,71,"$1,511.00 "
15.05.2023,KOTRANLGT,Kodak Light T-Shirt Iron-on Transfers 5 Pack,66,"$1,511.00 "
15.05.2023,KOTRANLGT,Kodak Light T-Shirt Iron-on Transfers 5 Pack,76,"$1,511.00 "
15.05.2023,KOTRANLGT,Kodak Light T-Shirt Iron-on Transfers 5 Pack,68,"$1,511.00 "
15.05.2023,KOTRANLGT,Kodak Light T-Shirt Iron-on Transfers 5 Pack,61,"$1,511.00 "
15.05.2023,KOTRANLGT,Kodak Light T-Shirt Iron-on Transfers 5 Pack,62,"$1,511.00 "
22.05.2023,KOTRANLGT,Kodak Light T-Shirt Iron-on Transfers 5 Pack,61,"$1,769.00 "
22.05.2023,KOTRANLGT,Kodak Light T-Shirt Iron-on Transfers 5 Pack,71,"$1,769.00 "
22.05.2023,KOTRANLGT,Kodak Light T-Shirt Iron-on Transfers 5 Pack,66,"$1,769.00 "
22.05.2023,KOTRANLGT,Kodak Light T-Shirt Iron-on Transfers 5 Pack,76,"$1,769.00 "
22.05.2023,KOTRANLGT,Kodak Light T-Shirt Iron-on Transfers 5 Pack,68,"$1,769.00 "
22.05.2023,KOTRANLGT,Kodak Light T-Shirt Iron-on Transfers 5 Pack,61,"$1,769.00 "
22.05.2023,KOTRANLGT,Kodak Light T-Shirt Iron-on Transfers 5 Pack,62,"$1,769.00 "
29.05.2023,KOTRANLGT,Kodak Light T-Shirt Iron-on Transfers 5 Pack,61,"$1,649.00 "
29.05.2023,KOTRANLGT,Kodak Light T-Shirt Iron-on Transfers 5 Pack,71,"$1,649.00 "
29.05.2023,KOTRANLGT,Kodak Light T-Shirt Iron-on Transfers 5 Pack,66,"$1,649.00 "
29.05.2023,KOTRANLGT,Kodak Light T-Shirt Iron-on Transfers 5 Pack,76,"$1,649.00 "
29.05.2023,KOTRANLGT,Kodak Light T-Shirt Iron-on Transfers 5 Pack,68,"$1,649.00 "
29.05.2023,KOTRANLGT,Kodak Light T-Shirt Iron-on Transfers 5 Pack,61,"$1,649.00 "
29.05.2023,KOTRANLGT,Kodak Light T-Shirt Iron-on Transfers 5 Pack,62,"$1,649.00 "
05.06.2023,KOTRANLGT,Kodak Light T-Shirt Iron-on Transfers 5 Pack,61,"$1,898.00 "
05.06.2023,KOTRANLGT,Kodak Light T-Shirt Iron-on Transfers 5 Pack,71,"$1,898.00 "
05.06.2023,KOTRANLGT,Kodak Light T-Shirt Iron-on Transfers 5 Pack,66,"$1,898.00 "
05.06.2023,KOTRANLGT,Kodak Light T-Shirt Iron-on Transfers 5 Pack,76,"$1,898.00 "
05.06.2023,KOTRANLGT,Kodak Light T-Shirt Iron-on Transfers 5 Pack,68,"$1,898.00 "
05.06.2023,KOTRANLGT,Kodak Light T-Shirt Iron-on Transfers 5 Pack,61,"$1,898.00 "
05.06.2023,KOTRANLGT,Kodak Light T-Shirt Iron-on Transfers 5 Pack,62,"$1,898.00 "
12.06.2023,KOTRANLGT,Kodak Light T-Shirt Iron-on Transfers 5 Pack,61,"$1,696.00 "
12.06.2023,KOTRANLGT,Kodak Light T-Shirt Iron-on Transfers 5 Pack,71,"$1,696.00 "
12.06.2023,KOTRANLGT,Kodak Light T-Shirt Iron-on Transfers 5 Pack,66,"$1,696.00 "
12.06.2023,KOTRANLGT,Kodak Light T-Shirt Iron-on Transfers 5 Pack,76,"$1,696.00 "
12.06.2023,KOTRANLGT,Kodak Light T-Shirt Iron-on Transfers 5 Pack,68,"$1,696.00 "
12.06.2023,KOTRANLGT,Kodak Light T-Shirt Iron-on Transfers 5 Pack,61,"$1,696.00 "
12.06.2023,KOTRANLGT,Kodak Light T-Shirt Iron-on Transfers 5 Pack,62,"$1,696.00 "
19.06.2023,KOTRANLGT,Kodak Light T-Shirt Iron-on Transfers 5 Pack,61,"$1,514.00 "
19.06.2023,KOTRANLGT,Kodak Light T-Shirt Iron-on Transfers 5 Pack,71,"$1,514.00 "
19.06.2023,KOTRANLGT,Kodak Light T-Shirt Iron-on Transfers 5 Pack,66,"$1,514.00 "
19.06.2023,KOTRANLGT,Kodak Light T-Shirt Iron-on Transfers 5 Pack,76,"$1,514.00 "
19.06.2023,KOTRANLGT,Kodak Light T-Shirt Iron-on Transfers 5 Pack,68,"$1,514.00 "
19.06.2023,KOTRANLGT,Kodak Light T-Shirt Iron-on Transfers 5 Pack,61,"$1,514.00 "
19.06.2023,KOTRANLGT,Kodak Light T-Shirt Iron-on Transfers 5 Pack,62,"$1,514.00 "
26.06.2023,KOTRANLGT,Kodak Light T-Shirt Iron-on Transfers 5 Pack,61,"$1,544.00 "
26.06.2023,KOTRANLGT,Kodak Light T-Shirt Iron-on Transfers 5 Pack,71,"$1,544.00 "
26.06.2023,KOTRANLGT,Kodak Light T-Shirt Iron-on Transfers 5 Pack,66,"$1,544.00 "
26.06.2023,KOTRANLGT,Kodak Light T-Shirt Iron-on Transfers 5 Pack,76,"$1,544.00 "
26.06.2023,KOTRANLGT,Kodak Light T-Shirt Iron-on Transfers 5 Pack,68,"$1,544.00 "
26.06.2023,KOTRANLGT,Kodak Light T-Shirt Iron-on Transfers 5 Pack,61,"$1,544.00 "
26.06.2023,KOTRANLGT,Kodak Light T-Shirt Iron-on Transfers 5 Pack,62,"$1,544.00 "
15.05.2023,TE6657142,"Kodak 4 x 6"" Premium Glossy Photo Paper 240gsm 100 Pack",70,"$1,534.00 "
15.05.2023,TE6657142,"Kodak 4 x 6"" Premium Glossy Photo Paper 240gsm 100 Pack",63,"$1,534.00 "
15.05.2023,TE6657142,"Kodak 4 x 6"" Premium Glossy Photo Paper 240gsm 100 Pack",77,"$1,534.00 "
15.05.2023,TE6657142,"Kodak 4 x 6"" Premium Glossy Photo Paper 240gsm 100 Pack",56,"$1,534.00 "
15.05.2023,TE6657142,"Kodak 4 x 6"" Premium Glossy Photo Paper 240gsm 100 Pack",72,"$1,534.00 "
15.05.2023,TE6657142,"Kodak 4 x 6"" Premium Glossy Photo Paper 240gsm 100 Pack",49,"$1,534.00 "
15.05.2023,TE6657142,"Kodak 4 x 6"" Premium Glossy Photo Paper 240gsm 100 Pack",81,"$1,534.00 "
22.05.2023,TE6657142,"Kodak 4 x 6"" Premium Glossy Photo Paper 240gsm 100 Pack",70,"$1,381.00 "
22.05.2023,TE6657142,"Kodak 4 x 6"" Premium Glossy Photo Paper 240gsm 100 Pack",63,"$1,381.00 "
22.05.2023,TE6657142,"Kodak 4 x 6"" Premium Glossy Photo Paper 240gsm 100 Pack",77,"$1,381.00 "
22.05.2023,TE6657142,"Kodak 4 x 6"" Premium Glossy Photo Paper 240gsm 100 Pack",56,"$1,381.00 "
22.05.2023,TE6657142,"Kodak 4 x 6"" Premium Glossy Photo Paper 240gsm 100 Pack",72,"$1,381.00 "
22.05.2023,TE6657142,"Kodak 4 x 6"" Premium Glossy Photo Paper 240gsm 100 Pack",49,"$1,381.00 "
22.05.2023,TE6657142,"Kodak 4 x 6"" Premium Glossy Photo Paper 240gsm 100 Pack",81,"$1,381.00 "
29.05.2023,TE6657142,"Kodak 4 x 6"" Premium Glossy Photo Paper 240gsm 100 Pack",70,"$1,694.00 "
29.05.2023,TE6657142,"Kodak 4 x 6"" Premium Glossy Photo Paper 240gsm 100 Pack",63,"$1,694.00 "
29.05.2023,TE6657142,"Kodak 4 x 6"" Premium Glossy Photo Paper 240gsm 100 Pack",77,"$1,694.00 "
29.05.2023,TE6657142,"Kodak 4 x 6"" Premium Glossy Photo Paper 240gsm 100 Pack",56,"$1,694.00 "
29.05.2023,TE6657142,"Kodak 4 x 6"" Premium Glossy Photo Paper 240gsm 100 Pack",72,"$1,694.00 "
29.05.2023,TE6657142,"Kodak 4 x 6"" Premium Glossy Photo Paper 240gsm 100 Pack",49,"$1,694.00 "
29.05.2023,TE6657142,"Kodak 4 x 6"" Premium Glossy Photo Paper 240gsm 100 Pack",81,"$1,694.00 "
05.06.2023,TE6657142,"Kodak 4 x 6"" Premium Glossy Photo Paper 240gsm 100 Pack",70,"$1,232.00 "
05.06.2023,TE6657142,"Kodak 4 x 6"" Premium Glossy Photo Paper 240gsm 100 Pack",63,"$1,232.00 "
05.06.2023,TE6657142,"Kodak 4 x 6"" Premium Glossy Photo Paper 240gsm 100 Pack",77,"$1,232.00 "
05.06.2023,TE6657142,"Kodak 4 x 6"" Premium Glossy Photo Paper 240gsm 100 Pack",56,"$1,232.00 "
05.06.2023,TE6657142,"Kodak 4 x 6"" Premium Glossy Photo Paper 240gsm 100 Pack",72,"$1,232.00 "
05.06.2023,TE6657142,"Kodak 4 x 6"" Premium Glossy Photo Paper 240gsm 100 Pack",49,"$1,232.00 "
05.06.2023,TE6657142,"Kodak 4 x 6"" Premium Glossy Photo Paper 240gsm 100 Pack",81,"$1,232.00 "
12.06.2023,TE6657142,"Kodak 4 x 6"" Premium Glossy Photo Paper 240gsm 100 Pack",70,"$1,584.00 "
12.06.2023,TE6657142,"Kodak 4 x 6"" Premium Glossy Photo Paper 240gsm 100 Pack",63,"$1,584.00 "
12.06.2023,TE6657142,"Kodak 4 x 6"" Premium Glossy Photo Paper 240gsm 100 Pack",77,"$1,584.00 "
12.06.2023,TE6657142,"Kodak 4 x 6"" Premium Glossy Photo Paper 240gsm 100 Pack",56,"$1,584.00 "
12.06.2023,TE6657142,"Kodak 4 x 6"" Premium Glossy Photo Paper 240gsm 100 Pack",72,"$1,584.00 "
12.06.2023,TE6657142,"Kodak 4 x 6"" Premium Glossy Photo Paper 240gsm 100 Pack",49,"$1,584.00 "
12.06.2023,TE6657142,"Kodak 4 x 6"" Premium Glossy Photo Paper 240gsm 100 Pack",81,"$1,584.00 "
19.06.2023,TE6657142,"Kodak 4 x 6"" Premium Glossy Photo Paper 240gsm 100 Pack",70,"$1,078.00 "
19.06.2023,TE6657142,"Kodak 4 x 6"" Premium Glossy Photo Paper 240gsm 100 Pack",63,"$1,078.00 "
19.06.2023,TE6657142,"Kodak 4 x 6"" Premium Glossy Photo Paper 240gsm 100 Pack",77,"$1,078.00 "
19.06.2023,TE6657142,"Kodak 4 x 6"" Premium Glossy Photo Paper 240gsm 100 Pack",56,"$1,078.00 "
19.06.2023,TE6657142,"Kodak 4 x 6"" Premium Glossy Photo Paper 240gsm 100 Pack",72,"$1,078.00 "
19.06.2023,TE6657142,"Kodak 4 x 6"" Premium Glossy Photo Paper 240gsm 100 Pack",49,"$1,078.00 "
19.06.2023,TE6657142,"Kodak 4 x 6"" Premium Glossy Photo Paper 240gsm 100 Pack",81,"$1,078.00 "
26.06.2023,TE6657142,"Kodak 4 x 6"" Premium Glossy Photo Paper 240gsm 100 Pack",70,"$1,775.00 "
26.06.2023,TE6657142,"Kodak 4 x 6"" Premium Glossy Photo Paper 240gsm 100 Pack",63,"$1,775.00 "
26.06.2023,TE6657142,"Kodak 4 x 6"" Premium Glossy Photo Paper 240gsm 100 Pack",77,"$1,775.00 "
26.06.2023,TE6657142,"Kodak 4 x 6"" Premium Glossy Photo Paper 240gsm 100 Pack",56,"$1,775.00 "
26.06.2023,TE6657142,"Kodak 4 x 6"" Premium Glossy Photo Paper 240gsm 100 Pack",72,"$1,775.00 "
26.06.2023,TE6657142,"Kodak 4 x 6"" Premium Glossy Photo Paper 240gsm 100 Pack",49,"$1,775.00 "
26.06.2023,TE6657142,"Kodak 4 x 6"" Premium Glossy Photo Paper 240gsm 100 Pack",81,"$1,775.00 "
